transaction_id,block,block_ts,from_address,to_address,confirmed,contractRet,quant
82ad90de86380387256e60b3fbbf4cae8ef2960681aa2a6a6b35fc72497b59ba,27087115,2021/01/26 06:14:45,TRfKyQrDQM84tEQQqJneDUuQR7mTHupDoB,TAeucdX6k88LUHG4keaaGpjNycz7rWPQJH,true,SUCCESS,1550
90b0d8468ec162bd9b0a6f2cd8296b3f73c2af8cf7ab43035b9bb551d52b5143,27087086,2021/01/26 06:13:18,TYrpvvCL2a94ycFmgckwLKQoR8xEhRVNj1,TAeucdX6k88LUHG4keaaGpjNycz7rWPQJH,true,SUCCESS,4162
9e19eccbb2a96e3280025250d7e556345d6844892d9d895cb7ab34109355cce7,27086946,2021/01/26 06:06:18,TYrpvvCL2a94ycFmgckwLKQoR8xEhRVNj1,TAeucdX6k88LUHG4keaaGpjNycz7rWPQJH,true,SUCCESS,3638
b4e6f35b741d82b245a4180a92bf520920421ebffa3410cc009b94d3972c49eb,27086851,2021/01/26 06:01:33,TXcjBF69hj9osTadXAG1kXtdeUBzxjYNsx,TAeucdX6k88LUHG4keaaGpjNycz7rWPQJH,true,SUCCESS,4041
0677379f5d932b0e263451781302a4c40abcccea8c607899425c7faf8ad05584,27086779,2021/01/26 05:57:51,TShGZZ7RT2WuJWjDmGFQyqeo9k6hR2tCyz,TAeucdX6k88LUHG4keaaGpjNycz7rWPQJH,true,SUCCESS,450
8336f0a5a5a0a36be3809fa6525095f37ab2d264ccd721a7f993dbf0040a07c7,27086764,2021/01/26 05:57:06,TNVj5gGcSSpH8aMQfG1t7fzeM75CZfuTGc,TAeucdX6k88LUHG4keaaGpjNycz7rWPQJH,true,SUCCESS,894
b1c424ab644da58a8e973dbcfdba563fa4db23147fe1a329a7ed99056ba9270e,27086631,2021/01/26 05:50:27,TS3dwcVs33MSkc2gm9cFRGqit4VH4h43ET,TAeucdX6k88LUHG4keaaGpjNycz7rWPQJH,true,SUCCESS,9345
117a7421a9669abf6aa85ffd8a3f8bdab48a1b170ea28541df47fd8e3275b052,27085492,2021/01/26 04:53:30,TNaRAoLUyYEV2uF7GUrzSjRQTU8v5ZJ5VR,TAeucdX6k88LUHG4keaaGpjNycz7rWPQJH,true,SUCCESS,500
8063754ae14261fa3a2056cbaa64c7bb9987e4426750c2742eecd20c3cbb8a3c,27085001,2021/01/26 04:28:54,TNaRAoLUyYEV2uF7GUrzSjRQTU8v5ZJ5VR,TAeucdX6k88LUHG4keaaGpjNycz7rWPQJH,true,SUCCESS,241.3
ef1e9a2a8e737755b7a13b58236be3299d9182fb171580e1bce53d5eaf1529e5,27084280,2021/01/26 03:52:42,TNaRAoLUyYEV2uF7GUrzSjRQTU8v5ZJ5VR,TAeucdX6k88LUHG4keaaGpjNycz7rWPQJH,true,SUCCESS,62.111801
670e73b37a67eb0ddf1baa3877ef709648d88e1e9439aed4651f750731d4b949,27083906,2021/01/26 03:34:00,TNaRAoLUyYEV2uF7GUrzSjRQTU8v5ZJ5VR,TAeucdX6k88LUHG4keaaGpjNycz7rWPQJH,true,SUCCESS,200.47
0e8bdf40dd509a484eead93ac97584320b27bd53cbc899162a5897a97e26818d,27083890,2021/01/26 03:33:12,TNaRAoLUyYEV2uF7GUrzSjRQTU8v5ZJ5VR,TAeucdX6k88LUHG4keaaGpjNycz7rWPQJH,true,SUCCESS,162.266093
5f7f470745f1cbbde48530ba1aaf94e1383ab1c6f9a3e056553ac00d8eb2b0ba,27083782,2021/01/26 03:27:48,TNaRAoLUyYEV2uF7GUrzSjRQTU8v5ZJ5VR,TAeucdX6k88LUHG4keaaGpjNycz7rWPQJH,true,SUCCESS,155.279503
031bb505399fc2f8ea997cc90d3f0ed82d660f97ed2855a0ab112bb0e28a8f46,27083728,2021/01/26 03:25:06,TNaRAoLUyYEV2uF7GUrzSjRQTU8v5ZJ5VR,TAeucdX6k88LUHG4keaaGpjNycz7rWPQJH,true,SUCCESS,500
c836dc7762113659c1c34af7ac3bf70071817f402de89a14badf17729e969ef0,27082688,2021/01/26 02:33:03,TNaRAoLUyYEV2uF7GUrzSjRQTU8v5ZJ5VR,TAeucdX6k88LUHG4keaaGpjNycz7rWPQJH,true,SUCCESS,311
3bc17ef372d5aa4cceb975505d2963b0a397a47eeafd0207b382f7f4303263c6,27082672,2021/01/26 02:32:15,TS3dwcVs33MSkc2gm9cFRGqit4VH4h43ET,TAeucdX6k88LUHG4keaaGpjNycz7rWPQJH,true,SUCCESS,1552
80eaa860382643d7d30088c54ef95ccdf783d8b31edac6e36dcd91578045b15f,27082202,2021/01/26 02:08:42,TYr6SPxJV9yiPG31ukKFHvMsRhcekbEMzA,TAeucdX6k88LUHG4keaaGpjNycz7rWPQJH,true,SUCCESS,1555.2
3c6ef5260832733b93cb4badb5fd2ebce2003d97a93a5f34c10481e965e715bc,27070018,2021/01/25 15:59:06,TNaRAoLUyYEV2uF7GUrzSjRQTU8v5ZJ5VR,TAeucdX6k88LUHG4keaaGpjNycz7rWPQJH,true,SUCCESS,500
9fb02e4038f8e40c617765afa8c30ed389d34ed088189aa6d55f6de349c19c7b,27069699,2021/01/25 15:43:09,TNaRAoLUyYEV2uF7GUrzSjRQTU8v5ZJ5VR,TAeucdX6k88LUHG4keaaGpjNycz7rWPQJH,true,SUCCESS,860
d651d9c03df6751127fc9fd6e49ad65750655f51cea8324103e6697bf526706c,27069441,2021/01/25 15:30:15,TAeucdX6k88LUHG4keaaGpjNycz7rWPQJH,TQLuNwRes7wK4g5RVrdvepesaHktaxMqG3,true,SUCCESS,161491.021562
e58d23f1c568d0c7d0100809f4494c49c9edddfa9c5255e2aed79370de3d5c13,27068437,2021/01/25 14:40:00,TNaRAoLUyYEV2uF7GUrzSjRQTU8v5ZJ5VR,TAeucdX6k88LUHG4keaaGpjNycz7rWPQJH,true,SUCCESS,4314.420834
aa3ba4ef4356e8ad56284e9d7c8166ca37ec75a137a9be2dbe4a122a15755919,27068322,2021/01/25 14:34:15,TNaRAoLUyYEV2uF7GUrzSjRQTU8v5ZJ5VR,TAeucdX6k88LUHG4keaaGpjNycz7rWPQJH,true,SUCCESS,5000
cff6ed680a7ba1515f20a1a65f375ca1dcedd88735135f01943009d167893b82,27067635,2021/01/25 13:59:45,TNaRAoLUyYEV2uF7GUrzSjRQTU8v5ZJ5VR,TAeucdX6k88LUHG4keaaGpjNycz7rWPQJH,true,SUCCESS,330
0e09525b3d2afd5b8682734ffa373ed856992c1540199e51ba2830e90cd0df6c,27067105,2021/01/25 13:33:15,TNaRAoLUyYEV2uF7GUrzSjRQTU8v5ZJ5VR,TAeucdX6k88LUHG4keaaGpjNycz7rWPQJH,true,SUCCESS,2332.81493
18c4a8926e2f7eefe045b93b3909b7d0092725ad7ccfc1df819320d65cffae1b,27066701,2021/01/25 13:13:03,TJdKPNxg6Ec5Fy7wq4RPKc5N3crWRXtPdZ,TAeucdX6k88LUHG4keaaGpjNycz7rWPQJH,true,SUCCESS,1545
c890c7de382b9b0cae81da5aa2c06e0745a652cc23967503456f24ffa8ce60ed,27065380,2021/01/25 12:07:00,TFuHdgba9uwsMopH3DHzHnoc39JdDsqzZx,TAeucdX6k88LUHG4keaaGpjNycz7rWPQJH,true,SUCCESS,544
5fcf1503772f7a424d9525eb643b3597c8638309423a983759b11e5cce465bf0,27064615,2021/01/25 11:28:36,TNaRAoLUyYEV2uF7GUrzSjRQTU8v5ZJ5VR,TAeucdX6k88LUHG4keaaGpjNycz7rWPQJH,true,SUCCESS,622.083981
0766fc04ed682c23db548db2cab5e56260cad8936d1a78251e2a804770237ae4,27064508,2021/01/25 11:23:15,TNaRAoLUyYEV2uF7GUrzSjRQTU8v5ZJ5VR,TAeucdX6k88LUHG4keaaGpjNycz7rWPQJH,true,SUCCESS,9490.463894
fffd141d2da7d491e372aeb29d988ab77ad4a44da811f556c6ad645c5926bbbe,27064400,2021/01/25 11:17:51,TNaRAoLUyYEV2uF7GUrzSjRQTU8v5ZJ5VR,TAeucdX6k88LUHG4keaaGpjNycz7rWPQJH,true,SUCCESS,5900
74625e88504eba314546e38614494e227e3719abae98b9746effe3d7ed19dbd6,27063760,2021/01/25 10:45:51,TAa2dDyB2Eh3HydtE2q3uyJZ9SKHSoTrJC,TAeucdX6k88LUHG4keaaGpjNycz7rWPQJH,true,SUCCESS,7633.59
bcb1dca187512f4c4b3432273b968297903e892a2d95d6ca3a4321b381e6bddc,27063693,2021/01/25 10:42:30,TKEXfze26pSkSiuyzaYov2TXMKc2ErKG24,TAeucdX6k88LUHG4keaaGpjNycz7rWPQJH,true,SUCCESS,515
9079c0e46354625e64b73d341d883dd9f94b6acfc5be3b3f4fec07ad018719eb,27063194,2021/01/25 10:17:30,TYdN2jvRgq3WH7eJ8sDsvmwmJBr6ys4AWT,TAeucdX6k88LUHG4keaaGpjNycz7rWPQJH,true,SUCCESS,515
aa224b94f1de39a50a883f2282ae396e10a3ff46376340590e5392a809601904,27063091,2021/01/25 10:12:21,TDQFvgZVhBpk7HRnUqK976fn3oVcczW7sm,TAeucdX6k88LUHG4keaaGpjNycz7rWPQJH,true,SUCCESS,17200
2c7394137eb7605693757e5b95315a6c6458397e2d9ba6993d30f54c61f38570,27062851,2021/01/25 10:00:21,TGMRZG4UNeUGgFR332HFG1Dc9ygBb2KEVa,TAeucdX6k88LUHG4keaaGpjNycz7rWPQJH,true,SUCCESS,10000
0dbdeb90f01c4daa07bc7c41b1e877541ffe25a842f59fef7b41373a14d7f809,27062826,2021/01/25 09:59:06,TXrHfXctuJPEQz87cpTDzjuyYEiobSxwyf,TAeucdX6k88LUHG4keaaGpjNycz7rWPQJH,true,SUCCESS,200
8f2c49dfe01f9b7f2d449feac34950dc816a2ab1ba4deac898e0c267546b3ab8,27062520,2021/01/25 09:43:48,TCbHg2geKx132YCPNMVo9bCnJsrQ5YavdY,TAeucdX6k88LUHG4keaaGpjNycz7rWPQJH,true,SUCCESS,1527
14b1381d710af910875688484189f472da9a17a29dfdd6f75b48f32cbf00538d,27062433,2021/01/25 09:39:27,TNaRAoLUyYEV2uF7GUrzSjRQTU8v5ZJ5VR,TAeucdX6k88LUHG4keaaGpjNycz7rWPQJH,true,SUCCESS,5443.234836
3b39734a51663712cd6c3df86aa925b25761be8054cb266ece31e8b7b1f54778,27062388,2021/01/25 09:37:12,TNaRAoLUyYEV2uF7GUrzSjRQTU8v5ZJ5VR,TAeucdX6k88LUHG4keaaGpjNycz7rWPQJH,true,SUCCESS,1550.3875
3f9ae916f59156e30c5d9896c3813e053335fbe574cf30a669834c862c4c1ad4,27062292,2021/01/25 09:32:24,TF6V84p9UvbFfX82EnnfupTzKKGafHvJb4,TAeucdX6k88LUHG4keaaGpjNycz7rWPQJH,true,SUCCESS,507
8384f0a50f89917c82169f531d1fb42efbecc4e12f9fb205d5a6716899fc7b63,27061437,2021/01/25 08:49:36,TRqioUdrWtuC3fgCwUwS3KRvon9pPBW2hi,TAeucdX6k88LUHG4keaaGpjNycz7rWPQJH,true,SUCCESS,973
b440e0165bf90d28c7b6cb6cc0d184942d1f2230d7e0b0632ce89919fc4f63d2,27061283,2021/01/25 08:41:51,TKChZBMNGopFZMuvMehewmW28Pn4FJESfG,TAeucdX6k88LUHG4keaaGpjNycz7rWPQJH,true,SUCCESS,1444
5b4f9cac54d731d3e8f3a3044c5a058d10c815ce8c342eee04877544f9705fa3,27061145,2021/01/25 08:34:51,TNVj5gGcSSpH8aMQfG1t7fzeM75CZfuTGc,TAeucdX6k88LUHG4keaaGpjNycz7rWPQJH,true,SUCCESS,500
e95bdb63557d35fa415a5d0d71e4e16ff0fc6f56b46499d2e6ac9ff9122a0794,27061124,2021/01/25 08:33:48,TNaRAoLUyYEV2uF7GUrzSjRQTU8v5ZJ5VR,TAeucdX6k88LUHG4keaaGpjNycz7rWPQJH,true,SUCCESS,7711
ca2355f3d72e00afeee59a8061028a3bf08006821e64847fb7fe9381cfde9625,27061036,2021/01/25 08:29:24,TFUqPSyoxTsKMEuuRVxYoKJWumurgL3cV8,TAeucdX6k88LUHG4keaaGpjNycz7rWPQJH,true,SUCCESS,500
7348d21ec1a7474f78242f60daf8b1e531061fd01f658fbff57918d2af957483,27061022,2021/01/25 08:28:42,TNaRAoLUyYEV2uF7GUrzSjRQTU8v5ZJ5VR,TAeucdX6k88LUHG4keaaGpjNycz7rWPQJH,true,SUCCESS,1090
7611793bf437851dbe035277319f4255216e8279f583b68615a2ae64c2ae9927,27060754,2021/01/25 08:15:18,TY7DfwWRV2epJFAAUZsTp1t2ZUuchqLPX7,TAeucdX6k88LUHG4keaaGpjNycz7rWPQJH,true,SUCCESS,1560
fdbe952a68d3f4f009e562fe7e85efd033d5c4a0db11eb14f0ad17c9b62edc44,27060662,2021/01/25 08:10:42,TNaRAoLUyYEV2uF7GUrzSjRQTU8v5ZJ5VR,TAeucdX6k88LUHG4keaaGpjNycz7rWPQJH,true,SUCCESS,560.747663
ea1f2d4a625a2386bfe3d3d25927a9fb2b649605377c486731b4ba46bc11a364,27060194,2021/01/25 07:47:15,TNaRAoLUyYEV2uF7GUrzSjRQTU8v5ZJ5VR,TAeucdX6k88LUHG4keaaGpjNycz7rWPQJH,true,SUCCESS,12500
2844efe7d5bfdcc0f145f53e02d11faf50bcab1d9940aed08ecd9642a884bb40,27059866,2021/01/25 07:30:48,TNaRAoLUyYEV2uF7GUrzSjRQTU8v5ZJ5VR,TAeucdX6k88LUHG4keaaGpjNycz7rWPQJH,true,SUCCESS,546
0f1a346b008b59e1e5252bb7148d2495f3a654d217e3e084cfb160fda3eb8403,27059828,2021/01/25 07:28:54,TNaRAoLUyYEV2uF7GUrzSjRQTU8v5ZJ5VR,TAeucdX6k88LUHG4keaaGpjNycz7rWPQJH,true,SUCCESS,100.157
bc10155e97c9a9e2798b6436f780d9c775691f7ce7b41071f293dddc9a3ae77e,27059757,2021/01/25 07:25:21,TNaRAoLUyYEV2uF7GUrzSjRQTU8v5ZJ5VR,TAeucdX6k88LUHG4keaaGpjNycz7rWPQJH,true,SUCCESS,33.3395
14e1c3c344a01403635d3e74dfb89c70b884b3587515b7f3d14bb9dc78e985f1,27059468,2021/01/25 07:10:51,TS3dwcVs33MSkc2gm9cFRGqit4VH4h43ET,TAeucdX6k88LUHG4keaaGpjNycz7rWPQJH,true,SUCCESS,778
463b3a39f08cbf6509e1448bc3584a9d71464a30f867704fd68a6ec3ad707925,27059442,2021/01/25 07:09:33,TNaRAoLUyYEV2uF7GUrzSjRQTU8v5ZJ5VR,TAeucdX6k88LUHG4keaaGpjNycz7rWPQJH,true,SUCCESS,15.5534
89041c069a957098e538ae00b10a226eaf16aa768a8910c8a42268592c79f2e2,27059353,2021/01/25 07:05:06,TRKSgRYrphhMxxrLLLo5sSqPUg4HmWduot,TAeucdX6k88LUHG4keaaGpjNycz7rWPQJH,true,SUCCESS,5100
1c957f2834a29b6175cbd06971f34b05b96e3fdddabe23b69c40d7d9346a4e1d,27059303,2021/01/25 07:02:36,TRx5n9FZjmZsWMtZf934dZmZaQiUtMC12k,TAeucdX6k88LUHG4keaaGpjNycz7rWPQJH,true,SUCCESS,361
333a6ee109bac501810c785c6d7df3a19abe66dea4d6de30a8e47d4810f9b1df,27058577,2021/01/25 06:26:18,TFuHdgba9uwsMopH3DHzHnoc39JdDsqzZx,TAeucdX6k88LUHG4keaaGpjNycz7rWPQJH,true,SUCCESS,12550
8e893adfc772529223ba5e4206dddaf46c7a40e2ecf6e58ab1bad5babd9abce1,27058379,2021/01/25 06:16:24,TFuHdgba9uwsMopH3DHzHnoc39JdDsqzZx,TAeucdX6k88LUHG4keaaGpjNycz7rWPQJH,true,SUCCESS,500
664de5b8c91ef0dcfb0c7db348e12c6432c1b4acb55f3b28ff6a27252fc147df,27058284,2021/01/25 06:11:39,TNaRAoLUyYEV2uF7GUrzSjRQTU8v5ZJ5VR,TAeucdX6k88LUHG4keaaGpjNycz7rWPQJH,true,SUCCESS,2340.093603
29a992ee2f4e0cc02a518f70cc9250889288fd0cd8510aa38b095b91433c791b,27058187,2021/01/25 06:06:48,TNaRAoLUyYEV2uF7GUrzSjRQTU8v5ZJ5VR,TAeucdX6k88LUHG4keaaGpjNycz7rWPQJH,true,SUCCESS,6705
208a8a1aaf68a39da3bcacfc8782c7764782b368e1772bb122491d5ed275ee6a,27058029,2021/01/25 05:58:48,TNaRAoLUyYEV2uF7GUrzSjRQTU8v5ZJ5VR,TAeucdX6k88LUHG4keaaGpjNycz7rWPQJH,true,SUCCESS,743.4148
4c46087ec0e43537c76f109b83d7b6fdb578e0eb16cce89475a413c60b86c022,27057527,2021/01/25 05:33:39,TMKfofkJvNu9gMEintJPVzKdoz1SmbXgTY,TAeucdX6k88LUHG4keaaGpjNycz7rWPQJH,true,SUCCESS,3125
0ccfa945d5bc60ba7be0c492714c8d96c0524d6f729b2a433b6345631395b533,27057021,2021/01/25 05:08:21,TNaRAoLUyYEV2uF7GUrzSjRQTU8v5ZJ5VR,TAeucdX6k88LUHG4keaaGpjNycz7rWPQJH,true,SUCCESS,77.2964
71823a6db2b57a50063abf754ef29a9458f52a376d3c5298d8d1a2a9a26b1be5,27056954,2021/01/25 05:05:00,TNaRAoLUyYEV2uF7GUrzSjRQTU8v5ZJ5VR,TAeucdX6k88LUHG4keaaGpjNycz7rWPQJH,true,SUCCESS,3647.000145
98aba63c954d15c9ccd4de5bb9fe709b354c7bc7636e9f10620b34956ca57853,27054890,2021/01/25 03:21:42,TBh9VL3CfQ5A7eUB7rwRvhspZhpX7gC6EK,TAeucdX6k88LUHG4keaaGpjNycz7rWPQJH,true,SUCCESS,1841
3d5cbb801b2de3b38f397622276ef076eec466bbe3312b6d646337dcfbb9d25a,27054730,2021/01/25 03:13:42,TBh9VL3CfQ5A7eUB7rwRvhspZhpX7gC6EK,TAeucdX6k88LUHG4keaaGpjNycz7rWPQJH,true,SUCCESS,1561
b22d7d7e3123312f29e79e639a405cd45590166c0c5df4329dc46cc48f29882d,27054640,2021/01/25 03:09:12,TNaRAoLUyYEV2uF7GUrzSjRQTU8v5ZJ5VR,TAeucdX6k88LUHG4keaaGpjNycz7rWPQJH,true,SUCCESS,5
5b1b3fba19bb8426436b4e90ea0122f6fa16555b708ab0d948f9906b357ea098,27054502,2021/01/25 03:02:18,TBh9VL3CfQ5A7eUB7rwRvhspZhpX7gC6EK,TAeucdX6k88LUHG4keaaGpjNycz7rWPQJH,true,SUCCESS,500
b7f5e751ddc55f790789ad3db98b6cdd7eab9211ec8d93ee4a918987e0500687,27054344,2021/01/25 02:54:24,TXPaE9tb4ckosVBQ9XBKf995336C1KaVot,TAeucdX6k88LUHG4keaaGpjNycz7rWPQJH,true,SUCCESS,10
2e2c7cd60594931548f53d816315504a6580050c0747e8c8d90034d48b348dde,27054037,2021/01/25 02:39:00,TNaRAoLUyYEV2uF7GUrzSjRQTU8v5ZJ5VR,TAeucdX6k88LUHG4keaaGpjNycz7rWPQJH,true,SUCCESS,900
0f8b4f4ff6e67e192c76e07d7236ba184d21e6f8251e64d007274146d3a118c9,27054007,2021/01/25 02:37:30,TFuHdgba9uwsMopH3DHzHnoc39JdDsqzZx,TAeucdX6k88LUHG4keaaGpjNycz7rWPQJH,true,SUCCESS,5587.5
1f8921ef1f0b04f7ae11a883ecbc18f6c710e4a4df1a19f6d8d4dc31e3c57911,27053893,2021/01/25 02:31:48,TFuHdgba9uwsMopH3DHzHnoc39JdDsqzZx,TAeucdX6k88LUHG4keaaGpjNycz7rWPQJH,true,SUCCESS,500
1de1505de02957457cc08c0b03ec8b069b30e61db8605db8fa3eaa8e6df41989,27053833,2021/01/25 02:28:48,TMg3Mfzg6Ad65uc4LYLozBSWqJGturDyCh,TAeucdX6k88LUHG4keaaGpjNycz7rWPQJH,true,SUCCESS,1063
8d9379f6ca8efd5363a3ae53d7df112acd9c72b005553e49ca1243931e04c8f5,27053580,2021/01/25 02:16:09,TMg3Mfzg6Ad65uc4LYLozBSWqJGturDyCh,TAeucdX6k88LUHG4keaaGpjNycz7rWPQJH,true,SUCCESS,2625
3d9affb3ea8e7c6307aacb538521a28d5925a1eeeaa5fe98431c08c44b6c676a,27053537,2021/01/25 02:14:00,TXPaE9tb4ckosVBQ9XBKf995336C1KaVot,TAeucdX6k88LUHG4keaaGpjNycz7rWPQJH,true,SUCCESS,1555
2755b8486e657eb25291691db65552fac23481d5dc561cb0f8e5ad9ec2374246,27053409,2021/01/25 02:07:36,TNYkdKdK2VZ1ZZeps7jRXoo6a85oHvixus,TAeucdX6k88LUHG4keaaGpjNycz7rWPQJH,true,SUCCESS,490
db8dd0a54c005f90b83cf571395870faa46889e102bd684db0d85dc6161ad2ce,27052914,2021/01/25 01:42:51,TH48D5Fia699jcuJbZKz132PB1owArZZXK,TAeucdX6k88LUHG4keaaGpjNycz7rWPQJH,true,SUCCESS,100
57fbc6cace9a11d17dc71529525266b040078eb6565bb5b2bbc7ec76d2112de5,27051457,2021/01/25 00:29:57,TNaRAoLUyYEV2uF7GUrzSjRQTU8v5ZJ5VR,TAeucdX6k88LUHG4keaaGpjNycz7rWPQJH,true,SUCCESS,700
4e532e83fa86a6166f5ba9da40b0536460e74824a2dcf8af40ab26305a99e4e3,27040830,2021/01/24 15:38:21,TNaRAoLUyYEV2uF7GUrzSjRQTU8v5ZJ5VR,TAeucdX6k88LUHG4keaaGpjNycz7rWPQJH,true,SUCCESS,76.923076
1b03050ab0e793d39f78543a13cb76c3555332145137c14c91aa8f17938097ef,27040721,2021/01/24 15:32:54,TCbHg2geKx132YCPNMVo9bCnJsrQ5YavdY,TAeucdX6k88LUHG4keaaGpjNycz7rWPQJH,true,SUCCESS,546
f9c07107c05677729f134201e8d11116f37d219aad0bcd0b755a27fb95b1b4f0,27040562,2021/01/24 15:24:57,TXQJrTP2m3zTp3HWkLRMTrtKK4iJfmb4uR,TAeucdX6k88LUHG4keaaGpjNycz7rWPQJH,true,SUCCESS,4800
7c0c79dd9b271cb47f66c943469259a9d9841b0335cd58cd7eeef7c15306d9fd,27040293,2021/01/24 15:11:30,TAeucdX6k88LUHG4keaaGpjNycz7rWPQJH,TPMsWhmnwaBniApvqKCRPryUQn8Faczsgu,true,SUCCESS,189945.831955
98827fb4b33754268094c7637ca82050ef13070fc0a461d842e5963eac4aaf0e,27040123,2021/01/24 15:03:00,TKzx1eMYZ6iVUiq16MJZrqKJjdW5rCXVYP,TAeucdX6k88LUHG4keaaGpjNycz7rWPQJH,true,SUCCESS,785
a6d364126be32ef20f1c8f882e0ea7f9cdbd9745bb6f765acdeb834510f98eeb,27039417,2021/01/24 14:27:39,TXQJrTP2m3zTp3HWkLRMTrtKK4iJfmb4uR,TAeucdX6k88LUHG4keaaGpjNycz7rWPQJH,true,SUCCESS,10000
3eac6612bd5dd1d5cec26417e24018b14043aa50dbcd3af6f8f65336057f1a59,27039322,2021/01/24 14:22:54,TKzx1eMYZ6iVUiq16MJZrqKJjdW5rCXVYP,TAeucdX6k88LUHG4keaaGpjNycz7rWPQJH,true,SUCCESS,797
bc7c84faaece8008b59b812a0fefb9274317210cb19d6912c19622955125e3fd,27038333,2021/01/24 13:33:27,TNaRAoLUyYEV2uF7GUrzSjRQTU8v5ZJ5VR,TAeucdX6k88LUHG4keaaGpjNycz7rWPQJH,true,SUCCESS,3973
8d1fdbcf5fb8cf8a6240eed3ad10c3f78825f2b8271bf0d0cadc0fd34de885cf,27038283,2021/01/24 13:30:57,TNaRAoLUyYEV2uF7GUrzSjRQTU8v5ZJ5VR,TAeucdX6k88LUHG4keaaGpjNycz7rWPQJH,true,SUCCESS,500
ec97496b28ec2a89c4332912ce897f7cb772bcee96bc0574af78fcff4a6019cb,27037771,2021/01/24 13:05:18,TBKLdGx632z1vYsYPS1EnZUHcioR1yHgt3,TAeucdX6k88LUHG4keaaGpjNycz7rWPQJH,true,SUCCESS,337
85313e76a3aa615349a21a62c9caf0aa08ba0cb82a6465871ea69c38a85f6d89,27037557,2021/01/24 12:54:36,TNVj5gGcSSpH8aMQfG1t7fzeM75CZfuTGc,TAeucdX6k88LUHG4keaaGpjNycz7rWPQJH,true,SUCCESS,780
06c2f011a5ead0e0f5a11bd361f7f15a12ab169b9009ee655c3508ca981acc64,27037497,2021/01/24 12:51:36,TNaRAoLUyYEV2uF7GUrzSjRQTU8v5ZJ5VR,TAeucdX6k88LUHG4keaaGpjNycz7rWPQJH,true,SUCCESS,398.9134
62469c71324209f072a1ab578da681d5fe4141642c5faa79cbbcfa2d96013b1e,27037471,2021/01/24 12:50:18,TPJDUCTuTcMYfpVGtyp6vHywzvPyx5JUnn,TAeucdX6k88LUHG4keaaGpjNycz7rWPQJH,true,SUCCESS,1555
c5a9af91f05dd0d154d48a0fbfd101ff07a3d31e9e2a191ebcfdc12cfd004581,27037392,2021/01/24 12:46:21,TNaRAoLUyYEV2uF7GUrzSjRQTU8v5ZJ5VR,TAeucdX6k88LUHG4keaaGpjNycz7rWPQJH,true,SUCCESS,12570
8d628a947b3b2f32ed02a3c647bbbd0640aa74b5e91e06024aa198ffbc6a0939,27037177,2021/01/24 12:35:36,TJeMFN8Tc9PXRx8CDNDwanwFL2HX1k3KNQ,TAeucdX6k88LUHG4keaaGpjNycz7rWPQJH,true,SUCCESS,500
b3daf535ed4d15a3abed8f5b9a0e370a902bcaee5d58b73e512e8999173971c6,27037158,2021/01/24 12:34:39,TRqioUdrWtuC3fgCwUwS3KRvon9pPBW2hi,TAeucdX6k88LUHG4keaaGpjNycz7rWPQJH,true,SUCCESS,1087
b5ad81da096a9534d99479ec7a8bfa4c359cf85138816df67851dcfe3454b08c,27037032,2021/01/24 12:28:18,TNaRAoLUyYEV2uF7GUrzSjRQTU8v5ZJ5VR,TAeucdX6k88LUHG4keaaGpjNycz7rWPQJH,true,SUCCESS,13189.2489
3a37449076abebb64e679039bbb6bb8091ceec793cd8897b9180f11347b06ac8,27036759,2021/01/24 12:14:39,TY7DfwWRV2epJFAAUZsTp1t2ZUuchqLPX7,TAeucdX6k88LUHG4keaaGpjNycz7rWPQJH,true,SUCCESS,3120.753293
190aa9e81a4723e7831e0c9c676341df01890fecddddfad30fcff924fd8e5c30,27036687,2021/01/24 12:11:03,TY7DfwWRV2epJFAAUZsTp1t2ZUuchqLPX7,TAeucdX6k88LUHG4keaaGpjNycz7rWPQJH,true,SUCCESS,1
229bd7cd1d6d212d48986606db770bcc8d8235a6f25a90a872ab2f6c3cd3642a,27036637,2021/01/24 12:08:33,TNaRAoLUyYEV2uF7GUrzSjRQTU8v5ZJ5VR,TAeucdX6k88LUHG4keaaGpjNycz7rWPQJH,true,SUCCESS,1547.9574
b607952f37ffe2154cde417ea5bbca7e7361745e778ee0869621e6a1ffbd4449,27035801,2021/01/24 11:26:39,TNaRAoLUyYEV2uF7GUrzSjRQTU8v5ZJ5VR,TAeucdX6k88LUHG4keaaGpjNycz7rWPQJH,true,SUCCESS,2332.81493
b5c573c34f228572bcca46d9c230a6ca749890a1d4b2dad9bd6364d33ae32a27,27035531,2021/01/24 11:13:09,TBsNLW9FRrNik8V1CAYdb5gCK28kzBiKyq,TAeucdX6k88LUHG4keaaGpjNycz7rWPQJH,true,SUCCESS,513
4a0e60e9ee91e8b77d3e0a4ac13c336c43ed2562dcfda291bedc11b7f2902d1d,27034951,2021/01/24 10:44:09,TNaRAoLUyYEV2uF7GUrzSjRQTU8v5ZJ5VR,TAeucdX6k88LUHG4keaaGpjNycz7rWPQJH,true,SUCCESS,350
2ea39013dc85048aa7d9a3563fbed614c680748f989b6e2d1cd94732fb6421e9,27034621,2021/01/24 10:27:36,TNaRAoLUyYEV2uF7GUrzSjRQTU8v5ZJ5VR,TAeucdX6k88LUHG4keaaGpjNycz7rWPQJH,true,SUCCESS,300
4a634ea7c7e5ca9ce13b4f2c1d9e3cded1c856bd28630baf617020d53ab573bd,27034478,2021/01/24 10:20:27,TNaRAoLUyYEV2uF7GUrzSjRQTU8v5ZJ5VR,TAeucdX6k88LUHG4keaaGpjNycz7rWPQJH,true,SUCCESS,100
deafd33595fa495f07a98e90ccad0afd4948f790ef78313df237c55aa9220b61,27034204,2021/01/24 10:06:45,THV9yMM4DUh8k5oCBfv7Nfio3LH9PxnVtW,TAeucdX6k88LUHG4keaaGpjNycz7rWPQJH,true,SUCCESS,204.6
56c5d04561c57a845d14677035ccee9f715f526e8816c851f295e6a6536b1a5d,27034028,2021/01/24 09:57:57,TNaRAoLUyYEV2uF7GUrzSjRQTU8v5ZJ5VR,TAeucdX6k88LUHG4keaaGpjNycz7rWPQJH,true,SUCCESS,1667.8912
7e3b64a8dcc475293fb245c58abe02436526a42d952a0ac7a80a3263deeccb00,27033996,2021/01/24 09:56:21,THD85CXrYR3PStD2cVT9S1qaqBxPJV5LBH,TAeucdX6k88LUHG4keaaGpjNycz7rWPQJH,true,SUCCESS,573
0fd24fe841e747c8788c571b01ca28a75f2161d48e6dab930c4ce0b74221c697,27033831,2021/01/24 09:48:06,TNaRAoLUyYEV2uF7GUrzSjRQTU8v5ZJ5VR,TAeucdX6k88LUHG4keaaGpjNycz7rWPQJH,true,SUCCESS,676
33aad53ababbb4e82f8a321f6d309ff3367f40b657130e16c4bdf436724ec6c2,27033447,2021/01/24 09:28:51,TNaRAoLUyYEV2uF7GUrzSjRQTU8v5ZJ5VR,TAeucdX6k88LUHG4keaaGpjNycz7rWPQJH,true,SUCCESS,1555
56b515000eeca731b225ce6ee0f6b6eb819810ea1e4dc357ff4739463a17b101,27033330,2021/01/24 09:23:00,TH48D5Fia699jcuJbZKz132PB1owArZZXK,TAeucdX6k88LUHG4keaaGpjNycz7rWPQJH,true,SUCCESS,500
09f52e30f27a2468184a6224aa5ca3ed1cf7112bbfae274658bbe5819aebe57f,27033066,2021/01/24 09:09:48,TNaRAoLUyYEV2uF7GUrzSjRQTU8v5ZJ5VR,TAeucdX6k88LUHG4keaaGpjNycz7rWPQJH,true,SUCCESS,214.4574
ef8a0d0b3507faa85212e6c3ec71df63ee197bee095edbaf653016b66f203710,27032787,2021/01/24 08:55:51,TYr6SPxJV9yiPG31ukKFHvMsRhcekbEMzA,TAeucdX6k88LUHG4keaaGpjNycz7rWPQJH,true,SUCCESS,1086
b5731943cbb86fc926096bf284aeb1bff1729846fa87fcf8a2e313f3cf460c57,27032676,2021/01/24 08:50:18,TF6V84p9UvbFfX82EnnfupTzKKGafHvJb4,TAeucdX6k88LUHG4keaaGpjNycz7rWPQJH,true,SUCCESS,1493
8090effd44e1a036b2081426c3d4ff344db6e5c58e250b7eeabd85d4bd1a8610,27032615,2021/01/24 08:47:15,TNaRAoLUyYEV2uF7GUrzSjRQTU8v5ZJ5VR,TAeucdX6k88LUHG4keaaGpjNycz7rWPQJH,true,SUCCESS,776.397515
5de3c7c72ee78ce0f3af7043689822500b29463f7ca096e939e62ea64155d91f,27032417,2021/01/24 08:37:21,TNaRAoLUyYEV2uF7GUrzSjRQTU8v5ZJ5VR,TAeucdX6k88LUHG4keaaGpjNycz7rWPQJH,true,SUCCESS,155.0387
f2fa9181f2551221dd3c4887f89506cc2338987a02e96c8ea4dd56a07197b1c5,27032377,2021/01/24 08:35:21,TNaRAoLUyYEV2uF7GUrzSjRQTU8v5ZJ5VR,TAeucdX6k88LUHG4keaaGpjNycz7rWPQJH,true,SUCCESS,6181.6563
2ddb682e21bf5b1fb079f213967ff655fadb6884f0590cd4b555b90a62da2554,27031861,2021/01/24 08:09:33,TNaRAoLUyYEV2uF7GUrzSjRQTU8v5ZJ5VR,TAeucdX6k88LUHG4keaaGpjNycz7rWPQJH,true,SUCCESS,4417.5055
7ee6eaf63e25773e5096191bed13398c2479467299c749b13896a609e03e88ed,27031858,2021/01/24 08:09:24,TNaRAoLUyYEV2uF7GUrzSjRQTU8v5ZJ5VR,TAeucdX6k88LUHG4keaaGpjNycz7rWPQJH,true,SUCCESS,325
c94a63dbbabc97372b309a140a66601517803538016f9b6dc8d9b64fad8f8ac9,27031813,2021/01/24 08:07:09,TNtrgZ6dyGRGC7bLru9DwHXLoCX38268WQ,TAeucdX6k88LUHG4keaaGpjNycz7rWPQJH,true,SUCCESS,683
0670751c813b4314e76474fa06f0203028b20b9ab033a3a740a73ae672b0fac0,27031514,2021/01/24 07:52:12,TXQJrTP2m3zTp3HWkLRMTrtKK4iJfmb4uR,TAeucdX6k88LUHG4keaaGpjNycz7rWPQJH,true,SUCCESS,10000
21ba764445796df60c976f585f45e5401847ab38fdd7a152537c05e1f4d2428f,27031461,2021/01/24 07:49:33,TNaRAoLUyYEV2uF7GUrzSjRQTU8v5ZJ5VR,TAeucdX6k88LUHG4keaaGpjNycz7rWPQJH,true,SUCCESS,2452
5a5dcdd11a022d8b8346e3893a715e7a91923504910bd9bfb49d535c86747b42,27031388,2021/01/24 07:45:54,TNaRAoLUyYEV2uF7GUrzSjRQTU8v5ZJ5VR,TAeucdX6k88LUHG4keaaGpjNycz7rWPQJH,true,SUCCESS,15.0829
6ae6c30ed38ad5fa7a8a8a7d0170b9d5d34968a0062c544840f3054ce358e414,27031381,2021/01/24 07:45:33,TNaRAoLUyYEV2uF7GUrzSjRQTU8v5ZJ5VR,TAeucdX6k88LUHG4keaaGpjNycz7rWPQJH,true,SUCCESS,19476
92e482bb2172af6456ad7c925d74d462a19c9649ea6f74b059f99432a8d5ca18,27030404,2021/01/24 06:56:42,TBxWN9ApamM1oJHFnEuj3gdWqNnoW16zH6,TAeucdX6k88LUHG4keaaGpjNycz7rWPQJH,true,SUCCESS,1023
69c46dd68ca2a9b8f6e79cd66d8d0f34f4cdad63ef89f5c320250292e40adc2e,27030207,2021/01/24 06:46:51,TNaRAoLUyYEV2uF7GUrzSjRQTU8v5ZJ5VR,TAeucdX6k88LUHG4keaaGpjNycz7rWPQJH,true,SUCCESS,1550.387596
0b63a6c1e0f8bb62e4ee30b4fda3fdce5a559f3b71d2afd162456ec76df907f0,27030093,2021/01/24 06:41:09,TPJDUCTuTcMYfpVGtyp6vHywzvPyx5JUnn,TAeucdX6k88LUHG4keaaGpjNycz7rWPQJH,true,SUCCESS,542.63
66fe2c5a2f445909c5569724152a027343968d85e89a04d12ac7649fe306c06a,27030086,2021/01/24 06:40:48,TNaRAoLUyYEV2uF7GUrzSjRQTU8v5ZJ5VR,TAeucdX6k88LUHG4keaaGpjNycz7rWPQJH,true,SUCCESS,155.6
a25c0a723ddc093ce1cd6453ea1b80c76fff4e5ee6f6c71a829791981e96ee83,27029706,2021/01/24 06:21:48,TMKfofkJvNu9gMEintJPVzKdoz1SmbXgTY,TAeucdX6k88LUHG4keaaGpjNycz7rWPQJH,true,SUCCESS,15552.099533
708e8f10eb9c6c1ce9f38b2614daa1008afa1ad6015d5fb49698624e8963689d,27029599,2021/01/24 06:16:27,TDQFvgZVhBpk7HRnUqK976fn3oVcczW7sm,TAeucdX6k88LUHG4keaaGpjNycz7rWPQJH,true,SUCCESS,7763.9715
23262efb6b73eaa0220c985ae4ddc3409273244e7109f0866d53e25141f4ecd8,27029518,2021/01/24 06:12:24,TH48D5Fia699jcuJbZKz132PB1owArZZXK,TAeucdX6k88LUHG4keaaGpjNycz7rWPQJH,true,SUCCESS,500
841bccc91c6fa5d6ca39321b9be05d779d093e42d7095477e9f4bc7958d6ef5e,27029434,2021/01/24 06:08:12,TMKfofkJvNu9gMEintJPVzKdoz1SmbXgTY,TAeucdX6k88LUHG4keaaGpjNycz7rWPQJH,true,SUCCESS,4665.62986
57ad68bc6bba68db41cd5866b703d515677c5a3c4f72621c1d8deae7d7907ff7,27028127,2021/01/24 05:02:45,TMKfofkJvNu9gMEintJPVzKdoz1SmbXgTY,TAeucdX6k88LUHG4keaaGpjNycz7rWPQJH,true,SUCCESS,931.677018
f5c2b2734a8ff58213b9e0f268149e1ea1ab025dada732f98f66859b565e75ef,27027194,2021/01/24 04:16:06,TMKfofkJvNu9gMEintJPVzKdoz1SmbXgTY,TAeucdX6k88LUHG4keaaGpjNycz7rWPQJH,true,SUCCESS,3115.489691
51f42488dbf573115266d32e91c40cbac06b5950b54f5dcd498f371f4f9e3cb1,27026788,2021/01/24 03:55:42,TJdKPNxg6Ec5Fy7wq4RPKc5N3crWRXtPdZ,TAeucdX6k88LUHG4keaaGpjNycz7rWPQJH,true,SUCCESS,12419
771d6784460cbe5ad6370af6ff5aa0c49074a9dacd426395035827e7e5edc1fc,27026453,2021/01/24 03:38:57,TKRXjNkoFxY8apEKoKnxSZecj4ynGCcxNj,TAeucdX6k88LUHG4keaaGpjNycz7rWPQJH,true,SUCCESS,139.5348
45ff0629e1256c3dd686919f87f91b86391adadbbee43bd7f0e3953ff3138e51,27026329,2021/01/24 03:32:45,TKRXjNkoFxY8apEKoKnxSZecj4ynGCcxNj,TAeucdX6k88LUHG4keaaGpjNycz7rWPQJH,true,SUCCESS,938.5675
9cc37444fde36ad5ab4789e4e4fb6490c46ee1c790ebedb51606df6a0efe5ff0,27026146,2021/01/24 03:23:36,TNaRAoLUyYEV2uF7GUrzSjRQTU8v5ZJ5VR,TAeucdX6k88LUHG4keaaGpjNycz7rWPQJH,true,SUCCESS,300
3694f227e34746430c5bf6b48defce217880d027327794ec88e962d330c972c6,27025751,2021/01/24 03:03:51,TNaRAoLUyYEV2uF7GUrzSjRQTU8v5ZJ5VR,TAeucdX6k88LUHG4keaaGpjNycz7rWPQJH,true,SUCCESS,1552.795031
0f362f3380a3ed567305bd24cc478e6762e7e93521f9d9fe47fa7a2e051ba988,27025523,2021/01/24 02:52:27,TYr6SPxJV9yiPG31ukKFHvMsRhcekbEMzA,TAeucdX6k88LUHG4keaaGpjNycz7rWPQJH,true,SUCCESS,14496
98249a57bf78a2a1d9b73392f040cf92b57264c5e21820ac680afd6b10dd739b,27025477,2021/01/24 02:50:09,TNaRAoLUyYEV2uF7GUrzSjRQTU8v5ZJ5VR,TAeucdX6k88LUHG4keaaGpjNycz7rWPQJH,true,SUCCESS,6220
4d1977f9bf4b255053800dfb9fcad864ece2040981ad52b2e780e5b4e3ba859e,27025084,2021/01/24 02:30:30,TYr6SPxJV9yiPG31ukKFHvMsRhcekbEMzA,TAeucdX6k88LUHG4keaaGpjNycz7rWPQJH,true,SUCCESS,3110
4ecab5d4c911a7bab990919d901646dc067c73a5b3139388ce4686bfbbf41fb2,27024417,2021/01/24 01:57:06,TNaRAoLUyYEV2uF7GUrzSjRQTU8v5ZJ5VR,TAeucdX6k88LUHG4keaaGpjNycz7rWPQJH,true,SUCCESS,5443
d9de3538eb9c255152a91b6f71f54338620c51288b040418637d9e85ea75ef28,27023976,2021/01/24 01:35:03,TNaRAoLUyYEV2uF7GUrzSjRQTU8v5ZJ5VR,TAeucdX6k88LUHG4keaaGpjNycz7rWPQJH,true,SUCCESS,11.419753
9487d03e6bfea90106fc6544e92ac0a9199532cb24db38a3c944dbee285c025f,27021954,2021/01/23 23:53:33,TNaRAoLUyYEV2uF7GUrzSjRQTU8v5ZJ5VR,TAeucdX6k88LUHG4keaaGpjNycz7rWPQJH,true,SUCCESS,2325.712235
7e699e1dc41f7add36d24185ea628e6f9c92a2ec6f5be6ee08998b4190345f56,27011486,2021/01/23 15:09:45,TAeucdX6k88LUHG4keaaGpjNycz7rWPQJH,TJcY1q1PdAivqAe7bdADxE7M6ktYo3Mqmf,true,SUCCESS,185059.145671
6f49f3c2749e45165ea994745bd724c567a4c0d09cef8e2c2705fe81cee80375,27011357,2021/01/23 15:03:18,TH48D5Fia699jcuJbZKz132PB1owArZZXK,TAeucdX6k88LUHG4keaaGpjNycz7rWPQJH,true,SUCCESS,138
44cf1af590eecdfe8d76278f26d272c14d6b126637a676ea10ac54fb1e509f79,27011350,2021/01/23 15:02:57,TNaRAoLUyYEV2uF7GUrzSjRQTU8v5ZJ5VR,TAeucdX6k88LUHG4keaaGpjNycz7rWPQJH,true,SUCCESS,542.6356
2e0e6a13173a9c34816e602bffa2a8f8e9db8f4695f9283a9ca0cb98aeae3ed8,27011293,2021/01/23 15:00:06,TNaRAoLUyYEV2uF7GUrzSjRQTU8v5ZJ5VR,TAeucdX6k88LUHG4keaaGpjNycz7rWPQJH,true,SUCCESS,542.6356
d2d57543fdfa59edac93eaf4b20fdd48965df2d65caac28df6140d16d8de9219,27009451,2021/01/23 13:27:51,TXQJrTP2m3zTp3HWkLRMTrtKK4iJfmb4uR,TAeucdX6k88LUHG4keaaGpjNycz7rWPQJH,true,SUCCESS,3800
4d27d04d2fa1e3c773d7baaa1c366c449bcc7cebd5d7ec05e35532aa9ad5c54d,27009148,2021/01/23 13:12:42,TNaRAoLUyYEV2uF7GUrzSjRQTU8v5ZJ5VR,TAeucdX6k88LUHG4keaaGpjNycz7rWPQJH,true,SUCCESS,650.488183
fa7102126371b506a1e299b573927f0a061da421ffd004b3713c4c4f415825e4,27009146,2021/01/23 13:12:36,TAa2dDyB2Eh3HydtE2q3uyJZ9SKHSoTrJC,TAeucdX6k88LUHG4keaaGpjNycz7rWPQJH,true,SUCCESS,777
a511f57858691d58d07d5ae38007d9092acaceb79745f91218a415b8905b2787,27009084,2021/01/23 13:09:30,TNaRAoLUyYEV2uF7GUrzSjRQTU8v5ZJ5VR,TAeucdX6k88LUHG4keaaGpjNycz7rWPQJH,true,SUCCESS,3868.968992
938cc4ab51232611f2d7ddebcc6c0c18b70aff1a032d61e66e558876f452d51f,27009041,2021/01/23 13:07:21,TNaRAoLUyYEV2uF7GUrzSjRQTU8v5ZJ5VR,TAeucdX6k88LUHG4keaaGpjNycz7rWPQJH,true,SUCCESS,1350
8de5c653f943ec1b5c89c03a292e8258b4195bee6886843fd6ac6dabd505ebf0,27008952,2021/01/23 13:02:54,TDQFvgZVhBpk7HRnUqK976fn3oVcczW7sm,TAeucdX6k88LUHG4keaaGpjNycz7rWPQJH,true,SUCCESS,517.0384
b31c574770a6fd724ebfafab6fcb6c97185691f4aa838b6ebf1ae09e16cf272a,27008912,2021/01/23 13:00:54,TNaRAoLUyYEV2uF7GUrzSjRQTU8v5ZJ5VR,TAeucdX6k88LUHG4keaaGpjNycz7rWPQJH,true,SUCCESS,776.397515
2a4bd0e8564f47675840f3bb886a94dab964b61330519233d4c4f2a9747a8184,27008744,2021/01/23 12:52:30,TJdKPNxg6Ec5Fy7wq4RPKc5N3crWRXtPdZ,TAeucdX6k88LUHG4keaaGpjNycz7rWPQJH,true,SUCCESS,17530
850f866269b679f780a731cf6fb68af5cbd54b37dc73000468b33f21adc8975c,27008093,2021/01/23 12:19:57,TNaRAoLUyYEV2uF7GUrzSjRQTU8v5ZJ5VR,TAeucdX6k88LUHG4keaaGpjNycz7rWPQJH,true,SUCCESS,540
3e212d4a0c56175bd244b3251e5b033670133ac60c67a2123c1e7823d89b7974,27007781,2021/01/23 12:04:21,TVP2Xny5cxFswxACw7BpZPG8JcyaYD6eCL,TAeucdX6k88LUHG4keaaGpjNycz7rWPQJH,true,SUCCESS,619
496b55ba361a80beae585448a90f5682fa0425bf256b40e21ef954843eec4cb8,27007678,2021/01/23 11:59:06,TNaRAoLUyYEV2uF7GUrzSjRQTU8v5ZJ5VR,TAeucdX6k88LUHG4keaaGpjNycz7rWPQJH,true,SUCCESS,779
8d63e891ed0c066e481ec9369bf88b738e37b4ebbf2fd30f8450138e1b0a117e,27007640,2021/01/23 11:57:12,TNaRAoLUyYEV2uF7GUrzSjRQTU8v5ZJ5VR,TAeucdX6k88LUHG4keaaGpjNycz7rWPQJH,true,SUCCESS,442.5257
4b6a8317472b2a72a72362bf421363e370732b51d5f49101e8fb1154fddd7010,27007448,2021/01/23 11:47:36,TNaRAoLUyYEV2uF7GUrzSjRQTU8v5ZJ5VR,TAeucdX6k88LUHG4keaaGpjNycz7rWPQJH,true,SUCCESS,20
d5b8a4d7111b49c5a1675dd6017fbd3c0cba1eccb31bf0138f0fbc57409f7fae,27006980,2021/01/23 11:24:06,TNaRAoLUyYEV2uF7GUrzSjRQTU8v5ZJ5VR,TAeucdX6k88LUHG4keaaGpjNycz7rWPQJH,true,SUCCESS,6000
ff9b9a22d96b1a61ae4e64c281110075ecd82ba3dbb608f3fdb3cb27809760db,27006955,2021/01/23 11:22:51,TNaRAoLUyYEV2uF7GUrzSjRQTU8v5ZJ5VR,TAeucdX6k88LUHG4keaaGpjNycz7rWPQJH,true,SUCCESS,714.728682
5e5c7d5fd9b02a79172bd00b664d3d38f20e533fc8b2bcb65504127979c64f0d,27006682,2021/01/23 11:09:12,TNaRAoLUyYEV2uF7GUrzSjRQTU8v5ZJ5VR,TAeucdX6k88LUHG4keaaGpjNycz7rWPQJH,true,SUCCESS,15.384615
c5a1fe5ddc9fcd2b88212bfb87217cdf2998f65897fbd212862b5965d9a6baa6,27006342,2021/01/23 10:52:12,TNaRAoLUyYEV2uF7GUrzSjRQTU8v5ZJ5VR,TAeucdX6k88LUHG4keaaGpjNycz7rWPQJH,true,SUCCESS,15.268553
a2e6f54ffefb8b1916c310b017905941261cc835a51eddd85bcbb67ef587a04e,27006141,2021/01/23 10:42:09,TNaRAoLUyYEV2uF7GUrzSjRQTU8v5ZJ5VR,TAeucdX6k88LUHG4keaaGpjNycz7rWPQJH,true,SUCCESS,14.992503
17fb78af2616e05784a9c7b42fa7cf33d18da3e1ae6b03a5e4fb80ea83d01e7a,27006072,2021/01/23 10:38:42,TNaRAoLUyYEV2uF7GUrzSjRQTU8v5ZJ5VR,TAeucdX6k88LUHG4keaaGpjNycz7rWPQJH,true,SUCCESS,223.6025
6dc78b60db7e9368e677f1967cbbfb0c3c73ef1dfb5a5370ee4bde83abd1dca3,27005919,2021/01/23 10:31:03,TNaRAoLUyYEV2uF7GUrzSjRQTU8v5ZJ5VR,TAeucdX6k88LUHG4keaaGpjNycz7rWPQJH,true,SUCCESS,776.3975
3858f34853208eaa683651e2db0d593c22204f472a1467a6a45c94c63fe68857,27005916,2021/01/23 10:30:54,TNaRAoLUyYEV2uF7GUrzSjRQTU8v5ZJ5VR,TAeucdX6k88LUHG4keaaGpjNycz7rWPQJH,true,SUCCESS,403.726708
ccaf9d0664c5507aa34b82ae84422aec888226739569eeca9243cbaaf1018989,27005061,2021/01/23 09:48:09,TFuHdgba9uwsMopH3DHzHnoc39JdDsqzZx,TAeucdX6k88LUHG4keaaGpjNycz7rWPQJH,true,SUCCESS,1004
7b414d464e0fd3b7113be3dfa8dcc00c02e43355c698f9c708839aa077c819cc,27005011,2021/01/23 09:45:39,TYrpvvCL2a94ycFmgckwLKQoR8xEhRVNj1,TAeucdX6k88LUHG4keaaGpjNycz7rWPQJH,true,SUCCESS,6748
17252638416bf6e7c3319ff5e4ae0d0d0e4384f12c2124f0cc7b28eef2931d55,27004616,2021/01/23 09:25:54,TNaRAoLUyYEV2uF7GUrzSjRQTU8v5ZJ5VR,TAeucdX6k88LUHG4keaaGpjNycz7rWPQJH,true,SUCCESS,863
90fbcd38d0878f487a9c8e78cc0aeca9ed8575abf0d630f55e126cd67bea9414,27004542,2021/01/23 09:22:12,TNaRAoLUyYEV2uF7GUrzSjRQTU8v5ZJ5VR,TAeucdX6k88LUHG4keaaGpjNycz7rWPQJH,true,SUCCESS,6185.7585
d0f67cbb3258649d6f3fc8e802c4285876dd2088208a19b83590a21b606ebbc5,27004482,2021/01/23 09:19:12,TNtrgZ6dyGRGC7bLru9DwHXLoCX38268WQ,TAeucdX6k88LUHG4keaaGpjNycz7rWPQJH,true,SUCCESS,847
4bb2109a10a839e5cc8a3b9aeffad5f74c154e15c56bd61205d4f875bf1bca3c,27004408,2021/01/23 09:15:30,TNaRAoLUyYEV2uF7GUrzSjRQTU8v5ZJ5VR,TAeucdX6k88LUHG4keaaGpjNycz7rWPQJH,true,SUCCESS,3000
6b77923f0962feb44b5fbbf729cac3c4249b42811c085ed60d425c1c81b9df3f,27004261,2021/01/23 09:08:09,TDQFvgZVhBpk7HRnUqK976fn3oVcczW7sm,TAeucdX6k88LUHG4keaaGpjNycz7rWPQJH,true,SUCCESS,470
7d6ce8697d90c8753abaa7e9e6cda79a8ac70ded6e6b6602ca3f338f81bfe2c7,27004116,2021/01/23 09:00:54,TNaRAoLUyYEV2uF7GUrzSjRQTU8v5ZJ5VR,TAeucdX6k88LUHG4keaaGpjNycz7rWPQJH,true,SUCCESS,500
cae9897b8e2fd35623b6baf8abfed25f92fdd67662bd1a5e0db1826ac33910bc,27004083,2021/01/23 08:59:15,TFuHdgba9uwsMopH3DHzHnoc39JdDsqzZx,TAeucdX6k88LUHG4keaaGpjNycz7rWPQJH,true,SUCCESS,7693
6616d7db88c4aa15bc686a4baec8d26481f56d727ace75e03bba386dc07f654c,27003924,2021/01/23 08:51:18,TSnaSueQhDovHjXe2CQ8QccLNuFhgYaerR,TAeucdX6k88LUHG4keaaGpjNycz7rWPQJH,true,SUCCESS,83.7956
0a1d1b97b3a6a77e34bf2af9963aff58cc889095be7c1eae459ade2be9d78153,27003893,2021/01/23 08:49:45,TNaRAoLUyYEV2uF7GUrzSjRQTU8v5ZJ5VR,TAeucdX6k88LUHG4keaaGpjNycz7rWPQJH,true,SUCCESS,14000
dfbb74e86fa298a02cd24dae33d5aa77fa5399ac3fd35c1d4b2dab7b56e1c91f,27003740,2021/01/23 08:42:06,TKRXjNkoFxY8apEKoKnxSZecj4ynGCcxNj,TAeucdX6k88LUHG4keaaGpjNycz7rWPQJH,true,SUCCESS,260
e9972c1110fb70813485c70d2e40e1365990a342f7f89744d9a8ddf00746f5e7,27003726,2021/01/23 08:41:24,TDQFvgZVhBpk7HRnUqK976fn3oVcczW7sm,TAeucdX6k88LUHG4keaaGpjNycz7rWPQJH,true,SUCCESS,15527.9503
da7f7b9b7479333f5dd0d9089497ff2b34b9c14d0e0dac5f30e92183afc98317,27003588,2021/01/23 08:34:27,TNaRAoLUyYEV2uF7GUrzSjRQTU8v5ZJ5VR,TAeucdX6k88LUHG4keaaGpjNycz7rWPQJH,true,SUCCESS,10
801bfdbf2258a0996aa47202b61df384c9614b93e78d304e44515d9046a3898f,27003481,2021/01/23 08:29:06,TDQFvgZVhBpk7HRnUqK976fn3oVcczW7sm,TAeucdX6k88LUHG4keaaGpjNycz7rWPQJH,true,SUCCESS,77.6397
b3559fa34e45b887792a90d43d9d2b7d4d2645c997d5d342700b78949b9bd7e4,27003475,2021/01/23 08:28:48,TVJBjTN5fLpWwJdTYaQggFhsNMnHAFeRFZ,TAeucdX6k88LUHG4keaaGpjNycz7rWPQJH,true,SUCCESS,183
c64ce78e1669e4af62aed990d8e4f59022da062093e9fd048950fea4811f55db,27003349,2021/01/23 08:22:30,TNaRAoLUyYEV2uF7GUrzSjRQTU8v5ZJ5VR,TAeucdX6k88LUHG4keaaGpjNycz7rWPQJH,true,SUCCESS,776.397515
c857310e86213f20a4679d4e7b29ef49ab9724229eb742734a32a6be00b33892,27003303,2021/01/23 08:20:12,TVJBjTN5fLpWwJdTYaQggFhsNMnHAFeRFZ,TAeucdX6k88LUHG4keaaGpjNycz7rWPQJH,true,SUCCESS,92
fa6adcc5bdd48cf468ec14bf4e904fbc838c50adc402b395f726cfd3b94c2bc2,27002342,2021/01/23 07:32:09,TNaRAoLUyYEV2uF7GUrzSjRQTU8v5ZJ5VR,TAeucdX6k88LUHG4keaaGpjNycz7rWPQJH,true,SUCCESS,545
2e4d493c6040a31050fcee22b29e71fec4b59bac731dc351fb948653b2e9dc39,27002062,2021/01/23 07:18:09,TNaRAoLUyYEV2uF7GUrzSjRQTU8v5ZJ5VR,TAeucdX6k88LUHG4keaaGpjNycz7rWPQJH,true,SUCCESS,3108.005954
8044d570ae4830a66307a434838a5d706339caf5c48f33f51b73e6a632ef9d56,27001507,2021/01/23 06:50:24,TSaJqQ1AZ2bEYyqBwBmJqCBSPv8KPRTAdv,TAeucdX6k88LUHG4keaaGpjNycz7rWPQJH,true,SUCCESS,776
53f8e64293370616bb5be9a19a1882ea3d36e936484f3f9789a4766c1753de56,27001495,2021/01/23 06:49:48,TNaRAoLUyYEV2uF7GUrzSjRQTU8v5ZJ5VR,TAeucdX6k88LUHG4keaaGpjNycz7rWPQJH,true,SUCCESS,1244.167962
da69673adfb52e181397267b74928cea5331a31ab5ab5b29091d65096d9ef289,27001203,2021/01/23 06:35:12,TH48D5Fia699jcuJbZKz132PB1owArZZXK,TAeucdX6k88LUHG4keaaGpjNycz7rWPQJH,true,SUCCESS,538
ebb0e168298eeb6aab978ed3ed7c7f1326b7801da04968531afd41ec860163f1,27001167,2021/01/23 06:33:24,TH48D5Fia699jcuJbZKz132PB1owArZZXK,TAeucdX6k88LUHG4keaaGpjNycz7rWPQJH,true,SUCCESS,300
3ec59116e506b6ffcd63f64dc31c80d0f1ba751ad776d1f5928e1ab336747b46,27001149,2021/01/23 06:32:30,TKRXjNkoFxY8apEKoKnxSZecj4ynGCcxNj,TAeucdX6k88LUHG4keaaGpjNycz7rWPQJH,true,SUCCESS,620.155
093def223be12d52366f30aea0cdf19d316884f550460706eac0f6ddc5659195,27001101,2021/01/23 06:30:06,TV881xkNXnVKBKEoJ39oq62tA8uJ6CyunC,TAeucdX6k88LUHG4keaaGpjNycz7rWPQJH,true,SUCCESS,44.33
c46be3f3528afbd68d7b7633bb44ad2696d389f4df6efbfbd000d260aa0c8d36,27001094,2021/01/23 06:29:45,TV881xkNXnVKBKEoJ39oq62tA8uJ6CyunC,TAeucdX6k88LUHG4keaaGpjNycz7rWPQJH,true,SUCCESS,500
867f1618661d3434caad3f64c01013e8270e9d180497780c951467ca0bebc36f,27001087,2021/01/23 06:29:24,TYr6SPxJV9yiPG31ukKFHvMsRhcekbEMzA,TAeucdX6k88LUHG4keaaGpjNycz7rWPQJH,true,SUCCESS,2700
4a134d24242a9d69aeb74852c89e45de91236571e2b4538d5b54b4284b71e9ec,27001070,2021/01/23 06:28:33,TNaRAoLUyYEV2uF7GUrzSjRQTU8v5ZJ5VR,TAeucdX6k88LUHG4keaaGpjNycz7rWPQJH,true,SUCCESS,3112
98c1b28d1d03e4d250d556651e202b40acdcd02a10aed597814a2391175a8d30,27000876,2021/01/23 06:18:51,TMKfofkJvNu9gMEintJPVzKdoz1SmbXgTY,TAeucdX6k88LUHG4keaaGpjNycz7rWPQJH,true,SUCCESS,4658.385093
95403c9a1e1ee8d9fc4f14996fb5cd41d7aa5d974a203a15fc2e0a5277e3e2fc,27000842,2021/01/23 06:17:09,TV881xkNXnVKBKEoJ39oq62tA8uJ6CyunC,TAeucdX6k88LUHG4keaaGpjNycz7rWPQJH,true,SUCCESS,180.1
a2bb626b5917bfcb6d4a1f690897bafc5edbc28f1d2ff73892c0e762455f2cbb,27000747,2021/01/23 06:12:24,TS3dwcVs33MSkc2gm9cFRGqit4VH4h43ET,TAeucdX6k88LUHG4keaaGpjNycz7rWPQJH,true,SUCCESS,9302
db4d37ff0dbebd456a338b1d859553f53bc45c2d7d4222bda7213460eb025096,27000643,2021/01/23 06:07:12,TJdKPNxg6Ec5Fy7wq4RPKc5N3crWRXtPdZ,TAeucdX6k88LUHG4keaaGpjNycz7rWPQJH,true,SUCCESS,4180
39e4355645b00b0d06ca3820e390d41b557cbdac3708aeec654c569c5055fda6,27000561,2021/01/23 06:03:06,TX3sBhr5Zg6rUqs5qaQb5c52KUzyM2nu1j,TAeucdX6k88LUHG4keaaGpjNycz7rWPQJH,true,SUCCESS,1330
5ea076f92c9ae7af77932135426945091dba67e1350c9a5f8b8e9c3b559062e3,27000483,2021/01/23 05:59:06,TJeMFN8Tc9PXRx8CDNDwanwFL2HX1k3KNQ,TAeucdX6k88LUHG4keaaGpjNycz7rWPQJH,true,SUCCESS,1780
dbfcb05973cb50a6c1bedfe6b76cc24c63b048f635c7856652b2f85ed23019a1,27000288,2021/01/23 05:49:21,TJdKPNxg6Ec5Fy7wq4RPKc5N3crWRXtPdZ,TAeucdX6k88LUHG4keaaGpjNycz7rWPQJH,true,SUCCESS,6057
802293e0549de6771d297265901bad7beefe5ed4e03b89a9d8a3503ac363141d,26999958,2021/01/23 05:32:51,TS3dwcVs33MSkc2gm9cFRGqit4VH4h43ET,TAeucdX6k88LUHG4keaaGpjNycz7rWPQJH,true,SUCCESS,3100
2d9e9f4876fe7794dad2602a836caee90343967b230e6e5e313eb838b96e34f3,26999538,2021/01/23 05:11:51,TDQFvgZVhBpk7HRnUqK976fn3oVcczW7sm,TAeucdX6k88LUHG4keaaGpjNycz7rWPQJH,true,SUCCESS,511.6279
f0d3fb983b69baf2d39f692b0c9078cbc88432b07cdd6734ad2f65c4b1d071d4,26999527,2021/01/23 05:11:18,TXrHfXctuJPEQz87cpTDzjuyYEiobSxwyf,TAeucdX6k88LUHG4keaaGpjNycz7rWPQJH,true,SUCCESS,10
1a8a48c2249ec94475ac05571a46eaaf43b9b4717fd4e3f0a84f566850cf19d9,26999489,2021/01/23 05:09:24,TNaRAoLUyYEV2uF7GUrzSjRQTU8v5ZJ5VR,TAeucdX6k88LUHG4keaaGpjNycz7rWPQJH,true,SUCCESS,378
578e0f4c8676bb0bbb75726f441a81c55368785fab28a62fb51b7da8a31e1ee7,26999221,2021/01/23 04:56:00,TPnBkQHLeREWLpeLGYQKMKoC2kV8uAFXXt,TAeucdX6k88LUHG4keaaGpjNycz7rWPQJH,true,SUCCESS,5443.2348
4666d9d4cd52dca38df0e4839e5142600069363df0118a5914deca06ddeac036,26998450,2021/01/23 04:17:21,TRx5n9FZjmZsWMtZf934dZmZaQiUtMC12k,TAeucdX6k88LUHG4keaaGpjNycz7rWPQJH,true,SUCCESS,379
7e510f2573bdfe0629329aa176afbcb1409efcb890367d3d7bcaebf88fa61afd,26998127,2021/01/23 04:01:09,TXQJrTP2m3zTp3HWkLRMTrtKK4iJfmb4uR,TAeucdX6k88LUHG4keaaGpjNycz7rWPQJH,true,SUCCESS,10000
1f59b582eedc1c376f476f17f19e02ba09e8b261bc4b1b1411ff9964a2deda29,26997939,2021/01/23 03:51:45,TNaRAoLUyYEV2uF7GUrzSjRQTU8v5ZJ5VR,TAeucdX6k88LUHG4keaaGpjNycz7rWPQJH,true,SUCCESS,559.0062
6f20372282c8c80b1488529868ca2f84fb0afd982495d028855fce213ff65a16,26996920,2021/01/23 03:00:48,TNaRAoLUyYEV2uF7GUrzSjRQTU8v5ZJ5VR,TAeucdX6k88LUHG4keaaGpjNycz7rWPQJH,true,SUCCESS,5426
ed2f70658e1cb94da4925491a8271f56b5a91595140d15dd67d45169462b1a32,26996615,2021/01/23 02:45:33,TNaRAoLUyYEV2uF7GUrzSjRQTU8v5ZJ5VR,TAeucdX6k88LUHG4keaaGpjNycz7rWPQJH,true,SUCCESS,53.209953
e23cbe05710cf063e70e7ee6bb6424350eb74e2fc7389f4679cb17f70215d786,26996542,2021/01/23 02:41:54,TNaRAoLUyYEV2uF7GUrzSjRQTU8v5ZJ5VR,TAeucdX6k88LUHG4keaaGpjNycz7rWPQJH,true,SUCCESS,980
62f74f4abb9e242bc12b7799705991839f8ba300622e34257ba3f0637e0cfbb1,26996479,2021/01/23 02:38:45,TNaRAoLUyYEV2uF7GUrzSjRQTU8v5ZJ5VR,TAeucdX6k88LUHG4keaaGpjNycz7rWPQJH,true,SUCCESS,1500
78a8bf44b5a40a57c86e63c1b0d068042bde0adab7e1aef08ac40081e3479b79,26996446,2021/01/23 02:37:06,TNaRAoLUyYEV2uF7GUrzSjRQTU8v5ZJ5VR,TAeucdX6k88LUHG4keaaGpjNycz7rWPQJH,true,SUCCESS,108.6469
2e7df5a950dc64d7fa4c70fd9a92b164eafe3d488240b8e35e7bff0c552c994a,26995977,2021/01/23 02:13:39,TQBhR9LG5nrqUNAqt84dYByurFqt8zD4eL,TAeucdX6k88LUHG4keaaGpjNycz7rWPQJH,true,SUCCESS,7770.307166
b9edb59e311b16511e2cd77ec7935197ccd851bd71df5244d7924b15738143d6,26995895,2021/01/23 02:09:33,TYr6SPxJV9yiPG31ukKFHvMsRhcekbEMzA,TAeucdX6k88LUHG4keaaGpjNycz7rWPQJH,true,SUCCESS,7680
f8c35bd905d5fb021e485e2c131c7a8d860000bc8c968cbde119c39cf300010c,26983470,2021/01/22 15:47:30,TNaRAoLUyYEV2uF7GUrzSjRQTU8v5ZJ5VR,TAeucdX6k88LUHG4keaaGpjNycz7rWPQJH,true,SUCCESS,775.194677
9f2cb832a2107bf669ca8e683bc81ebfd81ca306695fb592e05b5e0695cb549a,26982783,2021/01/22 15:13:09,TNaRAoLUyYEV2uF7GUrzSjRQTU8v5ZJ5VR,TAeucdX6k88LUHG4keaaGpjNycz7rWPQJH,true,SUCCESS,30.4414
4802dfd30f595bf2452b3abc045663767df62b2d82586f119d1b46d55545097f,26982581,2021/01/22 15:03:03,TAeucdX6k88LUHG4keaaGpjNycz7rWPQJH,TLWhjBxSzRd5bvEKmkusM59D7g8fphga78,true,SUCCESS,339550.736181
f0f6a4a29869e97df29fc14c741b820cc3a321b630a1a3cfc0b1516cea578415,26981976,2021/01/22 14:32:48,TTS7BYWptafenLHngsMDydm29sbCM3xoff,TAeucdX6k88LUHG4keaaGpjNycz7rWPQJH,true,SUCCESS,19000
293b18b6e69c069d0ad446ef194b415077f4bd89cd9fd14faa3b9ca311d1e991,26981943,2021/01/22 14:31:09,TTS7BYWptafenLHngsMDydm29sbCM3xoff,TAeucdX6k88LUHG4keaaGpjNycz7rWPQJH,true,SUCCESS,19000
e9d73416af8db3bc610b3ab72565b44c0c9afa25251212b686c0f827d8eba7b4,26981798,2021/01/22 14:23:54,TTS7BYWptafenLHngsMDydm29sbCM3xoff,TAeucdX6k88LUHG4keaaGpjNycz7rWPQJH,true,SUCCESS,19000
a1dec3df9b9c0ad9d61f234763aa3c481d30b2815e0e34b06d972d2fd1694442,26981764,2021/01/22 14:22:12,TTS7BYWptafenLHngsMDydm29sbCM3xoff,TAeucdX6k88LUHG4keaaGpjNycz7rWPQJH,true,SUCCESS,19000
2baf395a131eaaa15350e24c3cd3240d1e5fc9cf4e0fe347647a624922ee314a,26981727,2021/01/22 14:20:21,TTS7BYWptafenLHngsMDydm29sbCM3xoff,TAeucdX6k88LUHG4keaaGpjNycz7rWPQJH,true,SUCCESS,19000
832de19072b4f1289b56cd04f0e6cd8e18ffbc217ab074b0cee34f8feaa37cde,26981597,2021/01/22 14:13:51,TNaRAoLUyYEV2uF7GUrzSjRQTU8v5ZJ5VR,TAeucdX6k88LUHG4keaaGpjNycz7rWPQJH,true,SUCCESS,1500
e788631a5b0abdb237e85e9728952eec4a03435155ca547f4297baa1a913c263,26981399,2021/01/22 14:03:57,TNaRAoLUyYEV2uF7GUrzSjRQTU8v5ZJ5VR,TAeucdX6k88LUHG4keaaGpjNycz7rWPQJH,true,SUCCESS,4612
89a0fb68f9eb7cc9f5b43c90d5e58200a8dce6739bcacc45db0f970feffd6598,26981202,2021/01/22 13:54:06,TXrHfXctuJPEQz87cpTDzjuyYEiobSxwyf,TAeucdX6k88LUHG4keaaGpjNycz7rWPQJH,true,SUCCESS,490
8df97a63601d3256b120b358a9855c22c55dac23e31f8e15551c073dd1e4a51b,26981013,2021/01/22 13:44:39,TNaRAoLUyYEV2uF7GUrzSjRQTU8v5ZJ5VR,TAeucdX6k88LUHG4keaaGpjNycz7rWPQJH,true,SUCCESS,4642
053473823d0ab78a1f267c4fe36ae89ea59bd5ade27cfeb3d5d9ced33941ea29,26980950,2021/01/22 13:41:27,TNaRAoLUyYEV2uF7GUrzSjRQTU8v5ZJ5VR,TAeucdX6k88LUHG4keaaGpjNycz7rWPQJH,true,SUCCESS,20
b855d8944fd94d45e2f7a8185b8d95b51605ac1d48363e3d10b2541b20b1cc12,26980754,2021/01/22 13:31:39,TNaRAoLUyYEV2uF7GUrzSjRQTU8v5ZJ5VR,TAeucdX6k88LUHG4keaaGpjNycz7rWPQJH,true,SUCCESS,4688
1f154be253d6b4b4c60c799aadcf7bedc7ce9d6e9ccfc41b7dbc1cd876a64c66,26980469,2021/01/22 13:17:24,TNaRAoLUyYEV2uF7GUrzSjRQTU8v5ZJ5VR,TAeucdX6k88LUHG4keaaGpjNycz7rWPQJH,true,SUCCESS,4656
ebd8deddafceb767cfa51d44a6ba128336b140c830765d4214c631673e2ace3c,26980298,2021/01/22 13:08:51,TNaRAoLUyYEV2uF7GUrzSjRQTU8v5ZJ5VR,TAeucdX6k88LUHG4keaaGpjNycz7rWPQJH,true,SUCCESS,1282.979678
96fa463b12f8be15c93bbb9600365909ee6ca3e310d25b688e25273ead344a62,26980225,2021/01/22 13:05:12,TNaRAoLUyYEV2uF7GUrzSjRQTU8v5ZJ5VR,TAeucdX6k88LUHG4keaaGpjNycz7rWPQJH,true,SUCCESS,15576.323987
c3e31b3df3d83029c2ffa408bf9831fa07d83ab8587778df748b3100eaaaae0e,26980202,2021/01/22 13:04:03,TNaRAoLUyYEV2uF7GUrzSjRQTU8v5ZJ5VR,TAeucdX6k88LUHG4keaaGpjNycz7rWPQJH,true,SUCCESS,4665.474339
bdbba246ff0e2bea73338843681ccd73119e1068d7cfa71b8f59284c25680d15,26979818,2021/01/22 12:44:48,TJdKPNxg6Ec5Fy7wq4RPKc5N3crWRXtPdZ,TAeucdX6k88LUHG4keaaGpjNycz7rWPQJH,true,SUCCESS,10678
bf342b792d19b60c573132a05fc3b636a7dd3f704fd9e0ee7d6913cc04b748ea,26979649,2021/01/22 12:36:21,TNaRAoLUyYEV2uF7GUrzSjRQTU8v5ZJ5VR,TAeucdX6k88LUHG4keaaGpjNycz7rWPQJH,true,SUCCESS,559.006731
b84c2e8b54f54d85318e5a9416ae399ab310fdad71ceb8f33a78060836590bcf,26979461,2021/01/22 12:26:57,TDQFvgZVhBpk7HRnUqK976fn3oVcczW7sm,TAeucdX6k88LUHG4keaaGpjNycz7rWPQJH,true,SUCCESS,4503
14f43b561d75f0ffdaef456bea6b42ae7f1abb5a4493f78066dbef0d5b58eb16,26979244,2021/01/22 12:16:03,TNaRAoLUyYEV2uF7GUrzSjRQTU8v5ZJ5VR,TAeucdX6k88LUHG4keaaGpjNycz7rWPQJH,true,SUCCESS,17691
7b6b65d12d719e783bf5e71520fa9c063a5313625a9ed72f5a90546076636792,26978518,2021/01/22 11:39:36,TDQFvgZVhBpk7HRnUqK976fn3oVcczW7sm,TAeucdX6k88LUHG4keaaGpjNycz7rWPQJH,true,SUCCESS,189
14b07662fc2f883b43c327a6c96201ea15d4f44aaad67340411edf577569d65b,26977600,2021/01/22 10:53:36,TJeMFN8Tc9PXRx8CDNDwanwFL2HX1k3KNQ,TAeucdX6k88LUHG4keaaGpjNycz7rWPQJH,true,SUCCESS,450
491b95b6bafc331eac77735d7acb8edc83ed3e4b1ee824e14e865ce286413e3f,26977525,2021/01/22 10:49:51,TNaRAoLUyYEV2uF7GUrzSjRQTU8v5ZJ5VR,TAeucdX6k88LUHG4keaaGpjNycz7rWPQJH,true,SUCCESS,6676.177
bb4ea3142ea80cf795ae3ad07b23440ca051df0736e68539a7d38eaa01b49532,26976627,2021/01/22 10:04:51,TNaRAoLUyYEV2uF7GUrzSjRQTU8v5ZJ5VR,TAeucdX6k88LUHG4keaaGpjNycz7rWPQJH,true,SUCCESS,3100.7752
fab63c655543e0e616ca248c697f055ba1ebe7ab708edfccd041768cf11fae22,26975967,2021/01/22 09:31:45,TV881xkNXnVKBKEoJ39oq62tA8uJ6CyunC,TAeucdX6k88LUHG4keaaGpjNycz7rWPQJH,true,SUCCESS,2329.19
260ac2716d631a2e3a85f556195c1bd2d1375fcf25a8a27ac3d4724f1bc26081,26975733,2021/01/22 09:20:00,TNaRAoLUyYEV2uF7GUrzSjRQTU8v5ZJ5VR,TAeucdX6k88LUHG4keaaGpjNycz7rWPQJH,true,SUCCESS,1418
1a4633ea009e754d3d8e3a30cdc70d900106423735b16d4db66899bc719cb72d,26975346,2021/01/22 09:00:36,TNaRAoLUyYEV2uF7GUrzSjRQTU8v5ZJ5VR,TAeucdX6k88LUHG4keaaGpjNycz7rWPQJH,true,SUCCESS,8246
ff4aea08d8915918bbd4d2c1e5c225bd5b13baf5f664da72fb6d072ac5286a6f,26975312,2021/01/22 08:58:54,TRte1iMtUEPDzegLxCLf2HhP5RRZBr9znM,TAeucdX6k88LUHG4keaaGpjNycz7rWPQJH,true,SUCCESS,500
9b072fdd1e911859738a62db39e21d9d855425492e15a2b6de917e1361ebf7f1,26974799,2021/01/22 08:33:03,TNaRAoLUyYEV2uF7GUrzSjRQTU8v5ZJ5VR,TAeucdX6k88LUHG4keaaGpjNycz7rWPQJH,true,SUCCESS,775
5894208aef54ec36dc203f40bc2bc6f700aaea7c20143f66306d3c81188b83b1,26974585,2021/01/22 08:22:21,TNaRAoLUyYEV2uF7GUrzSjRQTU8v5ZJ5VR,TAeucdX6k88LUHG4keaaGpjNycz7rWPQJH,true,SUCCESS,775
ba64b48fa0480c4be517b9f623f34cec7327508ea80f98d0a457fe6af70d5aac,26974580,2021/01/22 08:22:06,TNaRAoLUyYEV2uF7GUrzSjRQTU8v5ZJ5VR,TAeucdX6k88LUHG4keaaGpjNycz7rWPQJH,true,SUCCESS,33.3878
a5469325bef2f7fbeda827cee152d6542d422fd4289c94a51d066165e2e0fb48,26974129,2021/01/22 07:59:33,TWpdk7GbFKpUCp3pHrCEDNabqQg7uQbm1u,TAeucdX6k88LUHG4keaaGpjNycz7rWPQJH,true,SUCCESS,120
02a62c0ea19a9e89ce4e7df37465e5da52f679ffcbca58d4b6c85f915530a1f0,26974111,2021/01/22 07:58:39,TNaRAoLUyYEV2uF7GUrzSjRQTU8v5ZJ5VR,TAeucdX6k88LUHG4keaaGpjNycz7rWPQJH,true,SUCCESS,155.038759
10f82b4c65851045bbd82a3108e4ca62e1cd44b56e7f04aaaca76bfa9a8f88b5,26973986,2021/01/22 07:52:24,TS3dwcVs33MSkc2gm9cFRGqit4VH4h43ET,TAeucdX6k88LUHG4keaaGpjNycz7rWPQJH,true,SUCCESS,15550
9a601f14130488aba98e883aa5008a1fdb0cd6981a0c1f6ce1008a95102584d4,26973913,2021/01/22 07:48:45,TKSgG147DTg6aSn9ipGZxGHLK6jCApVTL2,TAeucdX6k88LUHG4keaaGpjNycz7rWPQJH,true,SUCCESS,1070
ddc50a40996c06e9e3e5459b54d72b78563e4bd0cfe079ef97768792ad343c85,26973896,2021/01/22 07:47:54,TLfHcmxETsEZKSonNum8nibHL1aD7hx9UG,TAeucdX6k88LUHG4keaaGpjNycz7rWPQJH,true,SUCCESS,1900
c68937c06e53c9337d566df7d389cfd5067efc6a11ba4ba7e7e884facf75e30b,26973736,2021/01/22 07:39:51,TV881xkNXnVKBKEoJ39oq62tA8uJ6CyunC,TAeucdX6k88LUHG4keaaGpjNycz7rWPQJH,true,SUCCESS,967
19216f17f4ab5856e33ec706e447abf9e98caa3a4f5b57720c02a3caaacad76c,26973543,2021/01/22 07:30:12,TNaRAoLUyYEV2uF7GUrzSjRQTU8v5ZJ5VR,TAeucdX6k88LUHG4keaaGpjNycz7rWPQJH,true,SUCCESS,558.1395
8fbf3ad6ad12702010ee68b4e1023347b4fc4160487235ae728d36804162e8a4,26973270,2021/01/22 07:16:30,TNaRAoLUyYEV2uF7GUrzSjRQTU8v5ZJ5VR,TAeucdX6k88LUHG4keaaGpjNycz7rWPQJH,true,SUCCESS,163
95833534c4390d31d4568ca864be2a9d4f092ab57425ce89ea8a94f06123164f,26973233,2021/01/22 07:14:39,TNtrgZ6dyGRGC7bLru9DwHXLoCX38268WQ,TAeucdX6k88LUHG4keaaGpjNycz7rWPQJH,true,SUCCESS,580
b6057c5d3d2973c76d77d32bc7bcee21eb93e7080b5f5315f74ca6ad42a8df62,26973127,2021/01/22 07:09:21,TNaRAoLUyYEV2uF7GUrzSjRQTU8v5ZJ5VR,TAeucdX6k88LUHG4keaaGpjNycz7rWPQJH,true,SUCCESS,1552.795
4a7724a0f28f69dca83738afbe87e81b298074dd9be29783ba4246b0b969c35b,26972781,2021/01/22 06:52:00,TShGZZ7RT2WuJWjDmGFQyqeo9k6hR2tCyz,TAeucdX6k88LUHG4keaaGpjNycz7rWPQJH,true,SUCCESS,200
a24b03e572bfb3b5d1d469a2c0d0f481a78d51cbe8579666ccca412648725f06,26972718,2021/01/22 06:48:51,TNaRAoLUyYEV2uF7GUrzSjRQTU8v5ZJ5VR,TAeucdX6k88LUHG4keaaGpjNycz7rWPQJH,true,SUCCESS,84
3ce8f3134df89ac9668a1346b38ad59e8d41f8ff5084980ffc05e7f6ba3c7349,26972602,2021/01/22 06:43:03,TFuHdgba9uwsMopH3DHzHnoc39JdDsqzZx,TAeucdX6k88LUHG4keaaGpjNycz7rWPQJH,true,SUCCESS,5000
13347c583edeb5b2ec0b075081be53c4ce0422dc3bc20780f26a5b5ec59b61cc,26972396,2021/01/22 06:32:45,TShGZZ7RT2WuJWjDmGFQyqeo9k6hR2tCyz,TAeucdX6k88LUHG4keaaGpjNycz7rWPQJH,true,SUCCESS,354
70518db1bc5b983e6df52c8ace47b8fab854f2a4eb3e97fb70353dd5ef3526bc,26972380,2021/01/22 06:31:57,TBxWN9ApamM1oJHFnEuj3gdWqNnoW16zH6,TAeucdX6k88LUHG4keaaGpjNycz7rWPQJH,true,SUCCESS,1348
f03ea77d376781970ec9fcbbc6b05b98bf94af9906e60873f3dfdf2870ecebe0,26972329,2021/01/22 06:29:24,TNaRAoLUyYEV2uF7GUrzSjRQTU8v5ZJ5VR,TAeucdX6k88LUHG4keaaGpjNycz7rWPQJH,true,SUCCESS,439
09348b247e19c1e4263f03af5c0cf9f975a2d257ef9fa9021fe0ce4af97fc00a,26971481,2021/01/22 05:46:51,TUfj24A7usocjArdahnWrf8sgWi1ocA9Md,TAeucdX6k88LUHG4keaaGpjNycz7rWPQJH,true,SUCCESS,6
23f0789f2cd2048f0f802e190b9b76180178495a59436313f4397e7f27274fb6,26970545,2021/01/22 05:00:03,TNVY5ZuQcHzJndBhoBo3fzyKmp6St8Hjw3,TAeucdX6k88LUHG4keaaGpjNycz7rWPQJH,true,SUCCESS,500
3308d62795ee1b12d2e93886f9ca03aca1ca89684d469ac370a942ec9f20999c,26970512,2021/01/22 04:58:24,TNaRAoLUyYEV2uF7GUrzSjRQTU8v5ZJ5VR,TAeucdX6k88LUHG4keaaGpjNycz7rWPQJH,true,SUCCESS,3110
204dd245e650853e2c710f73d42d9e022f50ddd0928cc812d122cfc1c5668922,26970444,2021/01/22 04:55:00,TNaRAoLUyYEV2uF7GUrzSjRQTU8v5ZJ5VR,TAeucdX6k88LUHG4keaaGpjNycz7rWPQJH,true,SUCCESS,155
2fecba6fe2c2e307fc1cb7d8d7dfda91da6323da8e6a009be8bddb1ebe21b9a7,26970080,2021/01/22 04:36:45,TXQJrTP2m3zTp3HWkLRMTrtKK4iJfmb4uR,TAeucdX6k88LUHG4keaaGpjNycz7rWPQJH,true,SUCCESS,500
2d25943ffce98b91d9619d0f7771ed773462dc4c16dac13beca042b9bd04d38a,26969546,2021/01/22 04:10:00,TNaRAoLUyYEV2uF7GUrzSjRQTU8v5ZJ5VR,TAeucdX6k88LUHG4keaaGpjNycz7rWPQJH,true,SUCCESS,1547.988966
6a2804da722e1bf4f87fa87a7a505113e09798a40dc10ab329f18de36e89194a,26969490,2021/01/22 04:07:12,TNaRAoLUyYEV2uF7GUrzSjRQTU8v5ZJ5VR,TAeucdX6k88LUHG4keaaGpjNycz7rWPQJH,true,SUCCESS,7763.976006
2ee261f84524255058ba33b36c7a25b2408fc0797ceadcf857b6b6fea9f7b258,26969354,2021/01/22 04:00:24,TJdKPNxg6Ec5Fy7wq4RPKc5N3crWRXtPdZ,TAeucdX6k88LUHG4keaaGpjNycz7rWPQJH,true,SUCCESS,500
7371574083030dda45685b388cb3dcf6b1d003bb50111f8f9d3e4fa0f697595a,26969261,2021/01/22 03:55:45,TYr6SPxJV9yiPG31ukKFHvMsRhcekbEMzA,TAeucdX6k88LUHG4keaaGpjNycz7rWPQJH,true,SUCCESS,19049
417263a5aeb67569c54b988158a2a3177ce92d17a65350e99d6cb180d5c4c135,26969258,2021/01/22 03:55:36,TJdKPNxg6Ec5Fy7wq4RPKc5N3crWRXtPdZ,TAeucdX6k88LUHG4keaaGpjNycz7rWPQJH,true,SUCCESS,19999
d2a117cd829d4ee16217621dab732b7bb94a90f69a2b920f7f302750c75d71ac,26969200,2021/01/22 03:52:42,TNaRAoLUyYEV2uF7GUrzSjRQTU8v5ZJ5VR,TAeucdX6k88LUHG4keaaGpjNycz7rWPQJH,true,SUCCESS,15432.0986
7d1a5c0fc243b76741b4686db18c458cb7f7ed6ebe77f8f1f0199c14bfa7b76a,26969179,2021/01/22 03:51:39,TJdKPNxg6Ec5Fy7wq4RPKc5N3crWRXtPdZ,TAeucdX6k88LUHG4keaaGpjNycz7rWPQJH,true,SUCCESS,500
0f7eff4f42d4c7ad43a7b74f3cdf965650fd91f0c35ceab5f869bf107a65fadf,26969157,2021/01/22 03:50:33,TYr6SPxJV9yiPG31ukKFHvMsRhcekbEMzA,TAeucdX6k88LUHG4keaaGpjNycz7rWPQJH,true,SUCCESS,19990
89d60250616bb32a807919037bcf1be461176416e1d4b1a0884cb8f5812f12ac,26969133,2021/01/22 03:49:21,TYr6SPxJV9yiPG31ukKFHvMsRhcekbEMzA,TAeucdX6k88LUHG4keaaGpjNycz7rWPQJH,true,SUCCESS,19990
a441bd846113c02f20c1c40cbc306e8fd16ea9b68ea66c71d344af08f5434081,26968804,2021/01/22 03:32:54,TYr6SPxJV9yiPG31ukKFHvMsRhcekbEMzA,TAeucdX6k88LUHG4keaaGpjNycz7rWPQJH,true,SUCCESS,500
cd2681110e52d6ed086936d9c69da58a2ebef72b4ab821bb4d26194d81da21e8,26968778,2021/01/22 03:31:36,TYr6SPxJV9yiPG31ukKFHvMsRhcekbEMzA,TAeucdX6k88LUHG4keaaGpjNycz7rWPQJH,true,SUCCESS,500
124c859a614c3387e7c1dca09de0df984d74b19ac7a003c532efb45f694a315f,26968367,2021/01/22 03:11:00,TFuHdgba9uwsMopH3DHzHnoc39JdDsqzZx,TAeucdX6k88LUHG4keaaGpjNycz7rWPQJH,true,SUCCESS,769
e70deda86356cd06109995c464759fff8deb80fc64a94125c8f6f97fc9032772,26967613,2021/01/22 02:33:18,TLimb2TeJqsLWu5D4QZeP1839gQTkc2k8Q,TAeucdX6k88LUHG4keaaGpjNycz7rWPQJH,true,SUCCESS,95
a66b7051172e1102ebd387a8f55b0d2c75f5a1d8d31a54562364a433185feeb2,26967148,2021/01/22 02:10:03,TWcaks1zn7W416kNk1ALEqmUxruSTnsaBL,TAeucdX6k88LUHG4keaaGpjNycz7rWPQJH,true,SUCCESS,926
8b7fc56bad82d17bb4f689aebc838f6895fd46ead74aac6f6ebd3214068eb91d,26965607,2021/01/22 00:52:51,TFuHdgba9uwsMopH3DHzHnoc39JdDsqzZx,TAeucdX6k88LUHG4keaaGpjNycz7rWPQJH,true,SUCCESS,1560
df88b01a6bfb1b6aceebb4db1c1e34e9cdbc925469eea968050bd80fd16b1a4a,26965569,2021/01/22 00:50:57,TFuHdgba9uwsMopH3DHzHnoc39JdDsqzZx,TAeucdX6k88LUHG4keaaGpjNycz7rWPQJH,true,SUCCESS,545
66db3bc06fbe4891b4d31cedd13b1086dd4c024978f6b6db79e69145060cd86b,26958965,2021/01/21 19:20:24,TNaRAoLUyYEV2uF7GUrzSjRQTU8v5ZJ5VR,TAeucdX6k88LUHG4keaaGpjNycz7rWPQJH,true,SUCCESS,15.384615
1bd57e37d8134da29e44075c66d3f8034ee3dae25c498d442c0c6b767873c733,26953998,2021/01/21 15:11:57,TNaRAoLUyYEV2uF7GUrzSjRQTU8v5ZJ5VR,TAeucdX6k88LUHG4keaaGpjNycz7rWPQJH,true,SUCCESS,500
a4f0fbc56028cabd35eeaeaf894865c8c064f515dbc0c0c76d514e8c64ff99f8,26953943,2021/01/21 15:09:12,TAeucdX6k88LUHG4keaaGpjNycz7rWPQJH,TPMsWhmnwaBniApvqKCRPryUQn8Faczsgu,true,SUCCESS,113391.72752
2b9a89a95c3c68ea5def6066e22fc732856030a890be45f6fae9a7bfe4bc5c7b,26952596,2021/01/21 14:01:51,TPeFCYjqj9egDkbZAaCj5TsXSXpZDdYJat,TAeucdX6k88LUHG4keaaGpjNycz7rWPQJH,true,SUCCESS,424.2
3753f1618f3598685f31f0e0b656b152a4b07374548c14cecf6931acaea0b2ef,26952576,2021/01/21 14:00:51,TPeFCYjqj9egDkbZAaCj5TsXSXpZDdYJat,TAeucdX6k88LUHG4keaaGpjNycz7rWPQJH,true,SUCCESS,777.6
3a030c7d30964512fe995898c6663e12ec4c445d0e2dbb7ee77b09ec7702547f,26952385,2021/01/21 13:51:18,TNaRAoLUyYEV2uF7GUrzSjRQTU8v5ZJ5VR,TAeucdX6k88LUHG4keaaGpjNycz7rWPQJH,true,SUCCESS,3497
3d61e851b353d750aff0fa7f3758ab457ccc230f50984a3d8711547cabf12007,26951996,2021/01/21 13:31:51,TNaRAoLUyYEV2uF7GUrzSjRQTU8v5ZJ5VR,TAeucdX6k88LUHG4keaaGpjNycz7rWPQJH,true,SUCCESS,7452.78
ac9ac700440b28eafe94e5bcf1a934b28383cde5fe1a695181f548b39f63fd8b,26951777,2021/01/21 13:20:54,TV881xkNXnVKBKEoJ39oq62tA8uJ6CyunC,TAeucdX6k88LUHG4keaaGpjNycz7rWPQJH,true,SUCCESS,1131
0a672921ffbfe93adc0ff48aef5939818984c3e786b4c48a01eb8a4d1da8adb6,26951607,2021/01/21 13:12:24,TH48D5Fia699jcuJbZKz132PB1owArZZXK,TAeucdX6k88LUHG4keaaGpjNycz7rWPQJH,true,SUCCESS,104
3224a0053292528974affd5685bfe5777e66f1706169ed4a3e71b2b987897150,26950997,2021/01/21 12:41:54,TDQFvgZVhBpk7HRnUqK976fn3oVcczW7sm,TAeucdX6k88LUHG4keaaGpjNycz7rWPQJH,true,SUCCESS,2340.0936
87b69c0cc6be08e08a922ea039ace59ca9986003bfc1f84495ec69ae2334b46c,26950800,2021/01/21 12:32:03,TNaRAoLUyYEV2uF7GUrzSjRQTU8v5ZJ5VR,TAeucdX6k88LUHG4keaaGpjNycz7rWPQJH,true,SUCCESS,474.324
c14c2d7cabca222093dbe5fba602fd83f00409a488e0845152f88214e96bc1a0,26950610,2021/01/21 12:22:33,TNaRAoLUyYEV2uF7GUrzSjRQTU8v5ZJ5VR,TAeucdX6k88LUHG4keaaGpjNycz7rWPQJH,true,SUCCESS,15.602163
a3382473d5cd6e2b7e85763c7abbf3d83b2c44c093f83f3576547d01e2a74e7f,26950563,2021/01/21 12:20:12,TDQFvgZVhBpk7HRnUqK976fn3oVcczW7sm,TAeucdX6k88LUHG4keaaGpjNycz7rWPQJH,true,SUCCESS,468.0187
dfb5d38d54bbd38e70c9766af968de622f8dae139b5c7de0d53f481c4d54570a,26950302,2021/01/21 12:07:09,TS3dwcVs33MSkc2gm9cFRGqit4VH4h43ET,TAeucdX6k88LUHG4keaaGpjNycz7rWPQJH,true,SUCCESS,1550
7e6a08122fa6b5c2dd4504fca3826804dd26144002e936936d04a94f91f95e2b,26950272,2021/01/21 12:05:39,TAVJVAa6fQCDEGH5XZkkcUocU5zp4LJVxK,TAeucdX6k88LUHG4keaaGpjNycz7rWPQJH,true,SUCCESS,1050
7b58141332dee9eebc242331a9dbb9f42cfa76b79bdc4f49e48a304356417d2c,26950252,2021/01/21 12:04:39,TNaRAoLUyYEV2uF7GUrzSjRQTU8v5ZJ5VR,TAeucdX6k88LUHG4keaaGpjNycz7rWPQJH,true,SUCCESS,380
cb1d223e56ad373c4b157303730f12443f2d41acd709954ad103ad287fe5c945,26950176,2021/01/21 12:00:51,TAVJVAa6fQCDEGH5XZkkcUocU5zp4LJVxK,TAeucdX6k88LUHG4keaaGpjNycz7rWPQJH,true,SUCCESS,500
fb07210747bf895e60e3fcb200ea146949abfb7377311f5c7fc427a129ebf3b2,26949860,2021/01/21 11:44:57,TNaRAoLUyYEV2uF7GUrzSjRQTU8v5ZJ5VR,TAeucdX6k88LUHG4keaaGpjNycz7rWPQJH,true,SUCCESS,12403.1006
b818e94bde4af1889b38be13b4372b78e916bde1ef9188cfc7fa3525418580ab,26949545,2021/01/21 11:29:12,TV881xkNXnVKBKEoJ39oq62tA8uJ6CyunC,TAeucdX6k88LUHG4keaaGpjNycz7rWPQJH,true,SUCCESS,500
f8872eb6ec2c8046779e923e289e791a05157872d746cb9c82b396752822968f,26949447,2021/01/21 11:24:18,TNaRAoLUyYEV2uF7GUrzSjRQTU8v5ZJ5VR,TAeucdX6k88LUHG4keaaGpjNycz7rWPQJH,true,SUCCESS,16.624849
268832d85b0546aa2d06867ee53fb5a3c82a85f5235a129997a4775aa203c744,26948132,2021/01/21 10:18:33,TNaRAoLUyYEV2uF7GUrzSjRQTU8v5ZJ5VR,TAeucdX6k88LUHG4keaaGpjNycz7rWPQJH,true,SUCCESS,400
762f52f400aeb4b39d7d51b8a7cf4ee81ed849170579238dcb1ab8455da81198,26948125,2021/01/21 10:18:12,TPnBkQHLeREWLpeLGYQKMKoC2kV8uAFXXt,TAeucdX6k88LUHG4keaaGpjNycz7rWPQJH,true,SUCCESS,452.7555
9d447367b7cbf056df7f80a14fbbab3a641daf6749792b1d936afb3654ad0de7,26947983,2021/01/21 10:11:06,TNaRAoLUyYEV2uF7GUrzSjRQTU8v5ZJ5VR,TAeucdX6k88LUHG4keaaGpjNycz7rWPQJH,true,SUCCESS,7868.078
80f773fadfd84569958b20dc71bdb9668cd95689725b993349b58bb0895c704f,26947828,2021/01/21 10:03:21,TNaRAoLUyYEV2uF7GUrzSjRQTU8v5ZJ5VR,TAeucdX6k88LUHG4keaaGpjNycz7rWPQJH,true,SUCCESS,7993.45
d3aa17323c45cdba8d9f21e58d755d9b78cce1398267c6f380af0b0128d56427,26947648,2021/01/21 09:54:21,TLimb2TeJqsLWu5D4QZeP1839gQTkc2k8Q,TAeucdX6k88LUHG4keaaGpjNycz7rWPQJH,true,SUCCESS,546.0218
2826c67ab34d1a52855cb708d31493e80f040857ee9efbbd88626ddf8504459d,26947349,2021/01/21 09:39:24,TNaRAoLUyYEV2uF7GUrzSjRQTU8v5ZJ5VR,TAeucdX6k88LUHG4keaaGpjNycz7rWPQJH,true,SUCCESS,17
b654c31afcc39d1a6dccd5146ebb90ff02dcf8ab280ba1318e3a72d6142d1750,26947341,2021/01/21 09:39:00,TDQFvgZVhBpk7HRnUqK976fn3oVcczW7sm,TAeucdX6k88LUHG4keaaGpjNycz7rWPQJH,true,SUCCESS,500
a03ab871fc279a408ce827b20e24502ef87a13ae5bd7e7746ac2776fad937705,26947084,2021/01/21 09:26:06,TBxWN9ApamM1oJHFnEuj3gdWqNnoW16zH6,TAeucdX6k88LUHG4keaaGpjNycz7rWPQJH,true,SUCCESS,1317
055121fec0e6c42df62087e0df8e7fd67ac4fc0eb61f2669b5daaae70c528599,26947060,2021/01/21 09:24:54,TL2a85bDPSpjjEvGJQx2VR41b1vuqUkxpH,TAeucdX6k88LUHG4keaaGpjNycz7rWPQJH,true,SUCCESS,154.3478
2d76da7c1b32ebaa66eefa2e7fa530e803991343515ac0b57615011f2f8f9d20,26946861,2021/01/21 09:14:57,TNaRAoLUyYEV2uF7GUrzSjRQTU8v5ZJ5VR,TAeucdX6k88LUHG4keaaGpjNycz7rWPQJH,true,SUCCESS,513.219284
9610638ed5993444a57cb180d8d3150b47acff1fb9c3adafb20b6e54dffed037,26946828,2021/01/21 09:13:18,TNaRAoLUyYEV2uF7GUrzSjRQTU8v5ZJ5VR,TAeucdX6k88LUHG4keaaGpjNycz7rWPQJH,true,SUCCESS,2197.131881
74e87c7e2a56bef096397e4ad0aeb98620527a63b936a1283ce49e28d3130689,26946748,2021/01/21 09:09:18,TDZApgxEvGicoAz2SLR5Efqn2jxr9A6oJB,TAeucdX6k88LUHG4keaaGpjNycz7rWPQJH,true,SUCCESS,11500
afe29998c0622b950964bd1286ec90d190f54552b4cdb16b07da76f66cb3834c,26946648,2021/01/21 09:04:18,TNaRAoLUyYEV2uF7GUrzSjRQTU8v5ZJ5VR,TAeucdX6k88LUHG4keaaGpjNycz7rWPQJH,true,SUCCESS,2000
8708421557b9330c3227bb61ddb214e78d7bb53258ab35027cdf398569f2286a,26946543,2021/01/21 08:59:03,TNaRAoLUyYEV2uF7GUrzSjRQTU8v5ZJ5VR,TAeucdX6k88LUHG4keaaGpjNycz7rWPQJH,true,SUCCESS,119
8fde0a40e4faeb688ad7cbb167d332105825b51e848617dbc4466d12735d4209,26946421,2021/01/21 08:52:57,TNaRAoLUyYEV2uF7GUrzSjRQTU8v5ZJ5VR,TAeucdX6k88LUHG4keaaGpjNycz7rWPQJH,true,SUCCESS,186.625194
1a30fe54352b92067912f7a5a1873d9565dfcf60cbde5f2f9a4a8c606d346f89,26946414,2021/01/21 08:52:36,TRfKyQrDQM84tEQQqJneDUuQR7mTHupDoB,TAeucdX6k88LUHG4keaaGpjNycz7rWPQJH,true,SUCCESS,15.4
f4b48f5361d89546081ae70be9fbf3f34df5479203209cb1920a0dddfe1ea8e7,26946301,2021/01/21 08:46:57,TNaRAoLUyYEV2uF7GUrzSjRQTU8v5ZJ5VR,TAeucdX6k88LUHG4keaaGpjNycz7rWPQJH,true,SUCCESS,10000
54d37ed10e1660170fd0b3a751fda820e4e9f4413be5d49b8e2cc92f4d62dc78,26946252,2021/01/21 08:44:30,TDQFvgZVhBpk7HRnUqK976fn3oVcczW7sm,TAeucdX6k88LUHG4keaaGpjNycz7rWPQJH,true,SUCCESS,7176.287051
1763dd4311e61e03d4349aaf4d895e63cf24cb19c05a8ba29cbd7b8536cdaa0d,26946236,2021/01/21 08:43:42,TSnaSueQhDovHjXe2CQ8QccLNuFhgYaerR,TAeucdX6k88LUHG4keaaGpjNycz7rWPQJH,true,SUCCESS,361.8755
ec4c21d9c489aba0bcc549440d33e655e3516fb0d51ad4ad8025f5ff46420b03,26946094,2021/01/21 08:36:36,TNaRAoLUyYEV2uF7GUrzSjRQTU8v5ZJ5VR,TAeucdX6k88LUHG4keaaGpjNycz7rWPQJH,true,SUCCESS,85
026f6f1cf96f3a9e67cd17a87bdc3b57a15ffa622b234a0a5c22902efdf686fc,26945921,2021/01/21 08:27:57,TNaRAoLUyYEV2uF7GUrzSjRQTU8v5ZJ5VR,TAeucdX6k88LUHG4keaaGpjNycz7rWPQJH,true,SUCCESS,1900
327a9b13c7cbfa1cf8612da722df70e057a00b432e3ed5a9c136cb8fdb5f8d1f,26945870,2021/01/21 08:25:24,TWdRboo6ASJ8SfjAtoecjE6sVsTuRFm7Pj,TAeucdX6k88LUHG4keaaGpjNycz7rWPQJH,true,SUCCESS,6260
34d5508f8bc351778108ff8dbc7ce7ce3914f70d5358f4544e1b677865aea62d,26945778,2021/01/21 08:20:48,TNaRAoLUyYEV2uF7GUrzSjRQTU8v5ZJ5VR,TAeucdX6k88LUHG4keaaGpjNycz7rWPQJH,true,SUCCESS,514.820592
f6486009463301dd58f062249dc41674fc1749c359440e8042a662691d93f21d,26945768,2021/01/21 08:20:18,TT67jdEBADCHtYXirBjRSyF7DPRDd3fask,TAeucdX6k88LUHG4keaaGpjNycz7rWPQJH,true,SUCCESS,156.0062
e88f289b8957251d9c98eb09f3b68d6646080900e924212628b33e6b0c0e9b8e,26945576,2021/01/21 08:10:42,TNaRAoLUyYEV2uF7GUrzSjRQTU8v5ZJ5VR,TAeucdX6k88LUHG4keaaGpjNycz7rWPQJH,true,SUCCESS,360
930662df31ea2ccdf69f38331dde770c648ee2b7cd3af4695e4a104e87128e23,26945464,2021/01/21 08:05:06,TNaRAoLUyYEV2uF7GUrzSjRQTU8v5ZJ5VR,TAeucdX6k88LUHG4keaaGpjNycz7rWPQJH,true,SUCCESS,519
9cf19d14280609d15874600e88ec7283deddbfc286d4c3096e36d564cb0a1c9d,26945463,2021/01/21 08:05:03,TNaRAoLUyYEV2uF7GUrzSjRQTU8v5ZJ5VR,TAeucdX6k88LUHG4keaaGpjNycz7rWPQJH,true,SUCCESS,4680.1872
58ad4fba62436ff3679b8affdf0a6ba16300bab18e4408a8663e802af8c0e543,26945360,2021/01/21 07:59:54,TNaRAoLUyYEV2uF7GUrzSjRQTU8v5ZJ5VR,TAeucdX6k88LUHG4keaaGpjNycz7rWPQJH,true,SUCCESS,163
1434e2dcacde236b93201d0d0b5910f1b3722767cdad73834d0cbc8944dc6a2e,26945101,2021/01/21 07:46:51,TNaRAoLUyYEV2uF7GUrzSjRQTU8v5ZJ5VR,TAeucdX6k88LUHG4keaaGpjNycz7rWPQJH,true,SUCCESS,590
51c3cc35156296852a8e64444f47403803dff0dd8a69174e76763dc2e50f8542,26944859,2021/01/21 07:34:45,TV881xkNXnVKBKEoJ39oq62tA8uJ6CyunC,TAeucdX6k88LUHG4keaaGpjNycz7rWPQJH,true,SUCCESS,156.25
ab53cfa63a19a0ec36b26d9a6b5f07f2e792bcf72782675484e4a8c372947d26,26944743,2021/01/21 07:28:57,TFuHdgba9uwsMopH3DHzHnoc39JdDsqzZx,TAeucdX6k88LUHG4keaaGpjNycz7rWPQJH,true,SUCCESS,2578
19ccb1f763d20742d13a5ffecc29353577445815f0cc3300ed121785b4eeca64,26944728,2021/01/21 07:28:12,TLEAKGFZS3QdkSYja1r2gVi7xFLezuwRwA,TAeucdX6k88LUHG4keaaGpjNycz7rWPQJH,true,SUCCESS,342
ac7756dfbabb58af5ba5139a2290eb67879e8d47cc831bf4c24ed2cb0e44249e,26944718,2021/01/21 07:27:42,TNaRAoLUyYEV2uF7GUrzSjRQTU8v5ZJ5VR,TAeucdX6k88LUHG4keaaGpjNycz7rWPQJH,true,SUCCESS,500
4d6a2a70684f5211e6e579e72c6aabb2b18b32fb687a145c0c3b095792953a4f,26944500,2021/01/21 07:16:48,TTAoUzSRzMuE9pqDrphuNPYf87Yhgb8auC,TAeucdX6k88LUHG4keaaGpjNycz7rWPQJH,true,SUCCESS,546
003fa2ba6ce4292fd9339551d82f290ee0f260e01cf9df46126ee5dde01a415b,26944243,2021/01/21 07:03:57,TDQFvgZVhBpk7HRnUqK976fn3oVcczW7sm,TAeucdX6k88LUHG4keaaGpjNycz7rWPQJH,true,SUCCESS,1716.0686
0839f3ff3cfa057d2955f11c4e56b5dc9f086b4dbd9a43ba4ca29ebf6cf0d1fd,26943985,2021/01/21 06:51:03,TUfj24A7usocjArdahnWrf8sgWi1ocA9Md,TAeucdX6k88LUHG4keaaGpjNycz7rWPQJH,true,SUCCESS,500
d2d66887252ab936816be2a7e7dfe5c33e3b54eb08bf9eab8744ff3eabe0bcbb,26943853,2021/01/21 06:44:27,TNaRAoLUyYEV2uF7GUrzSjRQTU8v5ZJ5VR,TAeucdX6k88LUHG4keaaGpjNycz7rWPQJH,true,SUCCESS,15.57
e7fc7dabf1d182efd9f2e5ffb98000757a7f601c248a8960c0b4b5e05152fb23,26943690,2021/01/21 06:36:18,TDQFvgZVhBpk7HRnUqK976fn3oVcczW7sm,TAeucdX6k88LUHG4keaaGpjNycz7rWPQJH,true,SUCCESS,161
284d6753da22e05dccbe8f0b52a8ecf63e33d75814202c7eaeca53da2f0ff6c0,26943277,2021/01/21 06:15:39,TNaRAoLUyYEV2uF7GUrzSjRQTU8v5ZJ5VR,TAeucdX6k88LUHG4keaaGpjNycz7rWPQJH,true,SUCCESS,20
8f022cd06cf62758a9b1402f2fa44ea5b068cb4ea3a5e3bd4c0826002dfa63de,26942467,2021/01/21 05:35:00,TNaRAoLUyYEV2uF7GUrzSjRQTU8v5ZJ5VR,TAeucdX6k88LUHG4keaaGpjNycz7rWPQJH,true,SUCCESS,28.207971
b88b057dcb180bae7fd2dadc5681dee29a759113e24eadff0fd2c8c50c34fe9d,26942146,2021/01/21 05:18:57,TMg3Mfzg6Ad65uc4LYLozBSWqJGturDyCh,TAeucdX6k88LUHG4keaaGpjNycz7rWPQJH,true,SUCCESS,500
bf36fb79b83e79cd03016a8a51e69756b7bcba6f1e817b450482adcb40cd5c46,26941991,2021/01/21 05:11:12,TMg3Mfzg6Ad65uc4LYLozBSWqJGturDyCh,TAeucdX6k88LUHG4keaaGpjNycz7rWPQJH,true,SUCCESS,500
8086d981dce6a4570da0e5dcd9ade47ec436d91b2382c88ba196f5bc90989f76,26941949,2021/01/21 05:09:06,TLaXjLa2btaiyMDhtoeRWsZgyna1bPDxge,TAeucdX6k88LUHG4keaaGpjNycz7rWPQJH,true,SUCCESS,505.4738
e57c8e1be6daa31b90a2ea7203e52bacbf532eeff58b00ce7cd3ad1cd1136dab,26941819,2021/01/21 05:02:36,TDQFvgZVhBpk7HRnUqK976fn3oVcczW7sm,TAeucdX6k88LUHG4keaaGpjNycz7rWPQJH,true,SUCCESS,559.8755
7555c2a361db6a27e93984078c79876853e1c09162993473e5ad0d395fe1eba9,26941727,2021/01/21 04:58:00,TNaRAoLUyYEV2uF7GUrzSjRQTU8v5ZJ5VR,TAeucdX6k88LUHG4keaaGpjNycz7rWPQJH,true,SUCCESS,514.018691
0c854f42a264c2d599e24962197521c69511ab4a73012e048ca0e50d9cb3e522,26939917,2021/01/21 03:27:27,TQ1Fhu7CN4bEY91KwfXomdSnhjHqpRH6LW,TAeucdX6k88LUHG4keaaGpjNycz7rWPQJH,true,SUCCESS,560.7476
c8bd0da075a4d364f7a8f4e03b7c97e0e6c10a9b50e0261287adef7b3b643785,26939693,2021/01/21 03:16:15,TV881xkNXnVKBKEoJ39oq62tA8uJ6CyunC,TAeucdX6k88LUHG4keaaGpjNycz7rWPQJH,true,SUCCESS,500
04a223401506a69750f74c1033cbc0476c8bdba81cbdb8a6b2333f9a8d38cb0f,26939369,2021/01/21 03:00:03,TNaRAoLUyYEV2uF7GUrzSjRQTU8v5ZJ5VR,TAeucdX6k88LUHG4keaaGpjNycz7rWPQJH,true,SUCCESS,483.619344
a5c1244165323d17c53192606cb0cf1b2d50bc7b16cdae57bdc25132a373e1e9,26938136,2021/01/21 01:58:24,TNaRAoLUyYEV2uF7GUrzSjRQTU8v5ZJ5VR,TAeucdX6k88LUHG4keaaGpjNycz7rWPQJH,true,SUCCESS,84.3461
eac6fa3e967ea8ca384e1e87d0892bb90df5122ac3105a552d42816b9fe31945,26936080,2021/01/21 00:15:27,TNaRAoLUyYEV2uF7GUrzSjRQTU8v5ZJ5VR,TAeucdX6k88LUHG4keaaGpjNycz7rWPQJH,true,SUCCESS,990
5a0341df5181e9eb49f72249e8f9996cfc580b1c5400ac2a693ea0014f0fbce2,26925123,2021/01/20 15:07:00,TAeucdX6k88LUHG4keaaGpjNycz7rWPQJH,TQLuNwRes7wK4g5RVrdvepesaHktaxMqG3,true,SUCCESS,161197.084856
73633f7647315ba1a9974be27e5325f45e806ab42381db8e8534185537da746e,26925093,2021/01/20 15:05:30,TJeMFN8Tc9PXRx8CDNDwanwFL2HX1k3KNQ,TAeucdX6k88LUHG4keaaGpjNycz7rWPQJH,true,SUCCESS,3120
a1bbe41cdbd9aa06d5c0ace984dfc0e4aec4c3c877e3aa5f59fb51bb863a9227,26924978,2021/01/20 14:59:45,TJeMFN8Tc9PXRx8CDNDwanwFL2HX1k3KNQ,TAeucdX6k88LUHG4keaaGpjNycz7rWPQJH,true,SUCCESS,3100
95180231531f80494bdd395ebf5ea48201a61d3c51745424d9a8744b08811898,26924829,2021/01/20 14:52:18,TFuHdgba9uwsMopH3DHzHnoc39JdDsqzZx,TAeucdX6k88LUHG4keaaGpjNycz7rWPQJH,true,SUCCESS,9000
dd346710347e62ef30bf6795d00f2aeedaeef166e356ee6fb2f7421af98765dc,26924808,2021/01/20 14:51:15,TFuHdgba9uwsMopH3DHzHnoc39JdDsqzZx,TAeucdX6k88LUHG4keaaGpjNycz7rWPQJH,true,SUCCESS,12000
7fd3465cc106a283d98aee1e088ee9d04aaa775d81b54534893464ef2faf9872,26924316,2021/01/20 14:26:39,TNaRAoLUyYEV2uF7GUrzSjRQTU8v5ZJ5VR,TAeucdX6k88LUHG4keaaGpjNycz7rWPQJH,true,SUCCESS,405
64743a512cb5cd2d4d4a8af9d918e9503097ce78bb72e31227b65e156f9fd8d3,26923036,2021/01/20 13:19:42,TV881xkNXnVKBKEoJ39oq62tA8uJ6CyunC,TAeucdX6k88LUHG4keaaGpjNycz7rWPQJH,true,SUCCESS,781.25
bd268a86637e13b4e5db0d7adceb16a1895f5083652d0d01deb7e7e738628c1d,26922735,2021/01/20 13:04:21,TNaRAoLUyYEV2uF7GUrzSjRQTU8v5ZJ5VR,TAeucdX6k88LUHG4keaaGpjNycz7rWPQJH,true,SUCCESS,24
b0d18d4deb677bf1f48c5fa3e30cda30ca2d7542409252c9416280232cc0ce7b,26922731,2021/01/20 13:04:09,TNaRAoLUyYEV2uF7GUrzSjRQTU8v5ZJ5VR,TAeucdX6k88LUHG4keaaGpjNycz7rWPQJH,true,SUCCESS,8373.913
04eaecccefacbb92f93f7927bb9c2cbb21af01dca222933985aeb0c48081043b,26922436,2021/01/20 12:49:24,TNaRAoLUyYEV2uF7GUrzSjRQTU8v5ZJ5VR,TAeucdX6k88LUHG4keaaGpjNycz7rWPQJH,true,SUCCESS,4629.62
df9e5baffefd07a62d4721729014dff7b6c66324d66f0ff2f60cf0e5b5a2b5a4,26920951,2021/01/20 11:34:51,TAa2dDyB2Eh3HydtE2q3uyJZ9SKHSoTrJC,TAeucdX6k88LUHG4keaaGpjNycz7rWPQJH,true,SUCCESS,3139.7174
237c72daa0ce458bd67cabb6add773b6778d1894f3125fe8ef4a00d691080d22,26920897,2021/01/20 11:32:06,TNaRAoLUyYEV2uF7GUrzSjRQTU8v5ZJ5VR,TAeucdX6k88LUHG4keaaGpjNycz7rWPQJH,true,SUCCESS,272
59adfa8665dcaad43a9728a6ab0e76c3bd99bd18fbb26e8732b293a59eadef9d,26920707,2021/01/20 11:22:36,TNaRAoLUyYEV2uF7GUrzSjRQTU8v5ZJ5VR,TAeucdX6k88LUHG4keaaGpjNycz7rWPQJH,true,SUCCESS,350
3ed56d55064eaf4649132590a9aa08a5fa78415f71790b7e389797f9c6e16a40,26920520,2021/01/20 11:13:15,TBh9VL3CfQ5A7eUB7rwRvhspZhpX7gC6EK,TAeucdX6k88LUHG4keaaGpjNycz7rWPQJH,true,SUCCESS,534
539305e4fada0bfd0ac8b4adb97e830d2c2336e989b77f3278fa39caefe1966a,26920502,2021/01/20 11:12:21,TNaRAoLUyYEV2uF7GUrzSjRQTU8v5ZJ5VR,TAeucdX6k88LUHG4keaaGpjNycz7rWPQJH,true,SUCCESS,2262.0904
b00a372e1ca38a7599c6e0169f5ef3c8f082f0a13e91c611f11b0cce776e4745,26920464,2021/01/20 11:10:27,TNaRAoLUyYEV2uF7GUrzSjRQTU8v5ZJ5VR,TAeucdX6k88LUHG4keaaGpjNycz7rWPQJH,true,SUCCESS,4317
bf938f24e918692890fabafae1c5b24d07c1befa9376370054a9c5a2e27adf7d,26920260,2021/01/20 11:00:15,TJeMFN8Tc9PXRx8CDNDwanwFL2HX1k3KNQ,TAeucdX6k88LUHG4keaaGpjNycz7rWPQJH,true,SUCCESS,1200
93dd960ffafa78760bc674c3f3316a6e636545cead968e852024de2242f04431,26920253,2021/01/20 10:59:54,TNVY5ZuQcHzJndBhoBo3fzyKmp6St8Hjw3,TAeucdX6k88LUHG4keaaGpjNycz7rWPQJH,true,SUCCESS,600
f0168f6d1e17663cffc53c01e70d1642fd010a23a48b7fccfdf7ebd233b5337b,26919810,2021/01/20 10:37:45,TAVJVAa6fQCDEGH5XZkkcUocU5zp4LJVxK,TAeucdX6k88LUHG4keaaGpjNycz7rWPQJH,true,SUCCESS,500
907462c1e1fed208094cade448fd030f626789c8bb10fbf27d9f7148903f43df,26919695,2021/01/20 10:32:00,TKChZBMNGopFZMuvMehewmW28Pn4FJESfG,TAeucdX6k88LUHG4keaaGpjNycz7rWPQJH,true,SUCCESS,7000
8c63523283bbcd22914d767e67ca23d5acdb665c70b00ac6d2dce7f5049a9082,26919276,2021/01/20 10:11:00,TNaRAoLUyYEV2uF7GUrzSjRQTU8v5ZJ5VR,TAeucdX6k88LUHG4keaaGpjNycz7rWPQJH,true,SUCCESS,544.323483
d802fc621cb10b9cca81a0c16b59ce1f40ca26ee6b280bff5423aee8948faf6a,26919048,2021/01/20 09:59:33,TJWujrTnCwnxhwSQiVrF5AFDi3hkg1oTku,TAeucdX6k88LUHG4keaaGpjNycz7rWPQJH,true,SUCCESS,500
69f6f255775db51317fbbfa8ff3d5280b827e149a5707ab5080c5da7500cbadf,26919004,2021/01/20 09:57:21,TNaRAoLUyYEV2uF7GUrzSjRQTU8v5ZJ5VR,TAeucdX6k88LUHG4keaaGpjNycz7rWPQJH,true,SUCCESS,399
c56bcf630ffd581a4576c7902ba26e4194fb8ec1d5cb1c159b16d6e597e632ec,26918871,2021/01/20 09:50:42,TXbp3x3yXCeSGcMUhnUGpWwQyrCV2uBr3G,TAeucdX6k88LUHG4keaaGpjNycz7rWPQJH,true,SUCCESS,2950
085b68e075269a0c197cb39943fee8b0e2ab313267af4c8271ff7a2fd57e64eb,26918551,2021/01/20 09:34:42,TNaRAoLUyYEV2uF7GUrzSjRQTU8v5ZJ5VR,TAeucdX6k88LUHG4keaaGpjNycz7rWPQJH,true,SUCCESS,562
9459c0afc62e706d4755ec0de75b5be22062f771ee5913d88b0c5d4e08b28c80,26918509,2021/01/20 09:32:36,TFuHdgba9uwsMopH3DHzHnoc39JdDsqzZx,TAeucdX6k88LUHG4keaaGpjNycz7rWPQJH,true,SUCCESS,15862
2fc855d98f0c2aa7bbeb2c5bd5ec78fb106b6e26d83184af1e7ee3ff979333ea,26918058,2021/01/20 09:10:03,TQF7YhcGVW4Y8jhP5eJrCHLnSRSGV5Bhdi,TAeucdX6k88LUHG4keaaGpjNycz7rWPQJH,true,SUCCESS,1943
9166f4aeaf1041f8160cc99f43eaf1650da436f5d256a7822ffe5c60063b4caa,26918040,2021/01/20 09:09:09,TKEXfze26pSkSiuyzaYov2TXMKc2ErKG24,TAeucdX6k88LUHG4keaaGpjNycz7rWPQJH,true,SUCCESS,9302
0d77c609c7d033e7a4eb4b913c5acf7c6211a44d0872e1289cb7a73472c6d889,26917555,2021/01/20 08:44:54,TNaRAoLUyYEV2uF7GUrzSjRQTU8v5ZJ5VR,TAeucdX6k88LUHG4keaaGpjNycz7rWPQJH,true,SUCCESS,500
b715d9d4dc381080c525eb0b934f4315139384f7839dd6f3bd4a9aeadffafcdb,26917482,2021/01/20 08:41:15,TNaRAoLUyYEV2uF7GUrzSjRQTU8v5ZJ5VR,TAeucdX6k88LUHG4keaaGpjNycz7rWPQJH,true,SUCCESS,4027
2076d139c0f8166e4ec4662438592a54511deb717b2df302cee70f705a7bb05e,26917371,2021/01/20 08:35:42,TNaRAoLUyYEV2uF7GUrzSjRQTU8v5ZJ5VR,TAeucdX6k88LUHG4keaaGpjNycz7rWPQJH,true,SUCCESS,1353
f4c1cce2a3ac19387ff44abda9640b499e722c51044f902080db8fa6e57c7769,26916892,2021/01/20 08:11:45,TS3dwcVs33MSkc2gm9cFRGqit4VH4h43ET,TAeucdX6k88LUHG4keaaGpjNycz7rWPQJH,true,SUCCESS,4680
1555896958773acd28d4f06422a5ceb593933a1fb5f8b2d5d431fb42076beb3b,26916403,2021/01/20 07:47:06,THiCJjD3xZtikuiRfJVSTNuyugkzdsbfEa,TAeucdX6k88LUHG4keaaGpjNycz7rWPQJH,true,SUCCESS,605
cdafe3526263add4f30ed0e47c294486eab639a72b9a7a3cf051ef033886bdb5,26916261,2021/01/20 07:40:00,TV881xkNXnVKBKEoJ39oq62tA8uJ6CyunC,TAeucdX6k88LUHG4keaaGpjNycz7rWPQJH,true,SUCCESS,1496
4101d35c814c73efc7b544e8673e68e9dc639deec6df70a4a7040f2b23c8ea0b,26915805,2021/01/20 07:17:06,TNaRAoLUyYEV2uF7GUrzSjRQTU8v5ZJ5VR,TAeucdX6k88LUHG4keaaGpjNycz7rWPQJH,true,SUCCESS,164.848215
94ea0cab6e7c37b198ad884bd6b808138e32bcfbdf0f998b86ce793173a67e9e,26915775,2021/01/20 07:15:36,TPnBkQHLeREWLpeLGYQKMKoC2kV8uAFXXt,TAeucdX6k88LUHG4keaaGpjNycz7rWPQJH,true,SUCCESS,780.0312
4802d0b8b7884381189512db4b317d0b91c9dc368c56e49d5baf8e29384ed289,26915562,2021/01/20 07:04:54,TCPsMuVft6NfpJ2BCjoud47SyYqjAL3F2Z,TAeucdX6k88LUHG4keaaGpjNycz7rWPQJH,true,SUCCESS,73
26c21868216e862721661e7d9ee02d7e926fd626e3373055be22c2c5f01b73d2,26915520,2021/01/20 07:02:48,TGMRZG4UNeUGgFR332HFG1Dc9ygBb2KEVa,TAeucdX6k88LUHG4keaaGpjNycz7rWPQJH,true,SUCCESS,9000
bdfe69b9e681f2bf0a90d8c5432c0c20d51a848fda3eaa4a56f85096e11bad40,26915507,2021/01/20 07:02:09,TNaRAoLUyYEV2uF7GUrzSjRQTU8v5ZJ5VR,TAeucdX6k88LUHG4keaaGpjNycz7rWPQJH,true,SUCCESS,439
7e3447e37d5a0e6588a4580e5a4e8728567b2fa44ed379ab82c9846c327b679c,26915478,2021/01/20 07:00:42,TDQFvgZVhBpk7HRnUqK976fn3oVcczW7sm,TAeucdX6k88LUHG4keaaGpjNycz7rWPQJH,true,SUCCESS,500
06dd09a76bff5478c82f991100fcb3e33c9737ef632aec8703935e85b72dabc8,26915402,2021/01/20 06:56:54,TGMRZG4UNeUGgFR332HFG1Dc9ygBb2KEVa,TAeucdX6k88LUHG4keaaGpjNycz7rWPQJH,true,SUCCESS,1000
f851554e507321221651d1167adc3eee5c77dd968a7b496584e45ffa10330077,26915100,2021/01/20 06:41:48,TDQFvgZVhBpk7HRnUqK976fn3oVcczW7sm,TAeucdX6k88LUHG4keaaGpjNycz7rWPQJH,true,SUCCESS,161
5ca4c316001cea2361809bd82c4982ae9ad2a5c3ada415b2f09bad825846779b,26914841,2021/01/20 06:28:39,TNaRAoLUyYEV2uF7GUrzSjRQTU8v5ZJ5VR,TAeucdX6k88LUHG4keaaGpjNycz7rWPQJH,true,SUCCESS,10000
193998f2105cd33985792100e3f0aa5bcc38686de6c97f3617bc2d469f09fa9d,26914701,2021/01/20 06:21:39,TNaRAoLUyYEV2uF7GUrzSjRQTU8v5ZJ5VR,TAeucdX6k88LUHG4keaaGpjNycz7rWPQJH,true,SUCCESS,34.95
69da05fcbcca6d4d986e0938f013beed41119f4222f9002c33c20715fb57b7b8,26914142,2021/01/20 05:53:36,TGMRZG4UNeUGgFR332HFG1Dc9ygBb2KEVa,TAeucdX6k88LUHG4keaaGpjNycz7rWPQJH,true,SUCCESS,500
dfa827339adb6941dd6f7feb1d478ef5bdfbec71ad2d74f5d0de8ec3097554ef,26913758,2021/01/20 05:34:24,TFuHdgba9uwsMopH3DHzHnoc39JdDsqzZx,TAeucdX6k88LUHG4keaaGpjNycz7rWPQJH,true,SUCCESS,11000
9f4bda03cefecd877b834963b36b9201fdf5960eaffebf7f7431183420514284,26913523,2021/01/20 05:22:39,TBh9VL3CfQ5A7eUB7rwRvhspZhpX7gC6EK,TAeucdX6k88LUHG4keaaGpjNycz7rWPQJH,true,SUCCESS,501
8b1e93adeeb0c51b7febef8c4d4422975e41611b12884790b78f46446c3c5cd9,26912700,2021/01/20 04:40:54,TNVY5ZuQcHzJndBhoBo3fzyKmp6St8Hjw3,TAeucdX6k88LUHG4keaaGpjNycz7rWPQJH,true,SUCCESS,500
26d76894e9793ca1225e04a84ba62f48e3ff1b470d859ae0529c9cea21da9674,26911602,2021/01/20 03:45:48,TCbHg2geKx132YCPNMVo9bCnJsrQ5YavdY,TAeucdX6k88LUHG4keaaGpjNycz7rWPQJH,true,SUCCESS,15673
9f3642a4a100c43c130cb59b50951a1176f3ea50ed89d4aa93487825d2069e68,26911155,2021/01/20 03:23:27,TNaRAoLUyYEV2uF7GUrzSjRQTU8v5ZJ5VR,TAeucdX6k88LUHG4keaaGpjNycz7rWPQJH,true,SUCCESS,4538.341158
c8d724930e19896c2072583710e68dbaa2cf2c867bc7afe5bf63422aaaef9702,26897710,2021/01/19 16:09:48,TAeucdX6k88LUHG4keaaGpjNycz7rWPQJH,TVoLMLMMcVz2E3AvyofhjCnEZJC6mjCJL6,true,SUCCESS,160545.762841
c1d4404c11688e0be2f0309c9afd71d1ed2645e02c8ebb11e2bca2a74cea4771,26897203,2021/01/19 15:44:27,TNaRAoLUyYEV2uF7GUrzSjRQTU8v5ZJ5VR,TAeucdX6k88LUHG4keaaGpjNycz7rWPQJH,true,SUCCESS,169.014084
7b609016bd3cf0494e291c1238917f660646e255c3638dae1dd7e3e8a61dc9f1,26897091,2021/01/19 15:38:51,TJeMFN8Tc9PXRx8CDNDwanwFL2HX1k3KNQ,TAeucdX6k88LUHG4keaaGpjNycz7rWPQJH,true,SUCCESS,1550
c17533716e26f20237634166654c6d4580538abf43930907aabdfc969fe585ca,26896692,2021/01/19 15:18:51,TV881xkNXnVKBKEoJ39oq62tA8uJ6CyunC,TAeucdX6k88LUHG4keaaGpjNycz7rWPQJH,true,SUCCESS,1567.398
5a0a2e265c7644c9f72be8f20e3c7e1002b346b8a4a5be81a523317dcc91df3f,26895955,2021/01/19 14:41:54,TNaRAoLUyYEV2uF7GUrzSjRQTU8v5ZJ5VR,TAeucdX6k88LUHG4keaaGpjNycz7rWPQJH,true,SUCCESS,307
716681ab504e50bc63eb058530d90d883bcd1b659cd7ba9a2ca49cb4f75fb320,26895211,2021/01/19 14:04:36,TXQJrTP2m3zTp3HWkLRMTrtKK4iJfmb4uR,TAeucdX6k88LUHG4keaaGpjNycz7rWPQJH,true,SUCCESS,1500
7af30e18d353cc7a44a7d8932dab0f62a9a8605dc97abfde4b06db9959c8546f,26894932,2021/01/19 13:50:39,TH48D5Fia699jcuJbZKz132PB1owArZZXK,TAeucdX6k88LUHG4keaaGpjNycz7rWPQJH,true,SUCCESS,484
12d1d944da1090d0bc31e16a023190698c3c0b86e93d5af6635624c319bebc36,26894729,2021/01/19 13:40:30,TDQFvgZVhBpk7HRnUqK976fn3oVcczW7sm,TAeucdX6k88LUHG4keaaGpjNycz7rWPQJH,true,SUCCESS,2198.6175
eb979ebb4b17fb1cc2c2d012fe7e7278e0b3ce8243cac5aef1d66873c4281cca,26894557,2021/01/19 13:31:54,TCbHg2geKx132YCPNMVo9bCnJsrQ5YavdY,TAeucdX6k88LUHG4keaaGpjNycz7rWPQJH,true,SUCCESS,18157
3a200563142664ba021b81d99782edb1f7441c43ac88282177e79f58c0cd3824,26893898,2021/01/19 12:58:54,TNaRAoLUyYEV2uF7GUrzSjRQTU8v5ZJ5VR,TAeucdX6k88LUHG4keaaGpjNycz7rWPQJH,true,SUCCESS,52.978056
06c24af10eb6800b12af010b3bad1e19d5e6c108b8ae8d46cd04f1261949124c,26893630,2021/01/19 12:45:30,TNYkdKdK2VZ1ZZeps7jRXoo6a85oHvixus,TAeucdX6k88LUHG4keaaGpjNycz7rWPQJH,true,SUCCESS,1500
7abcd8f9f4ebd43534b4e51229ec4f3dc1898cfb135b2d626f0c9c5d76d974ac,26893040,2021/01/19 12:16:00,TNaRAoLUyYEV2uF7GUrzSjRQTU8v5ZJ5VR,TAeucdX6k88LUHG4keaaGpjNycz7rWPQJH,true,SUCCESS,4680.533751
d0e63a9f06e1f0dcecb04b68ff6dc5dbf1ef0e2642bca23589a4c0d72e7a7258,26892906,2021/01/19 12:09:18,TNaRAoLUyYEV2uF7GUrzSjRQTU8v5ZJ5VR,TAeucdX6k88LUHG4keaaGpjNycz7rWPQJH,true,SUCCESS,500
a482b59929a773e8dddfe0a395102f09f98307b2109018e56f951d09f7c8bc70,26892879,2021/01/19 12:07:57,TMjCT7d6RSB1kW7DkV83zZDmxvRm4tzUdb,TAeucdX6k88LUHG4keaaGpjNycz7rWPQJH,true,SUCCESS,78
0c2a15276c120a9ae2fc823a3acadfcdfa79b4822e8da5a4b08d0a65cfe94879,26892706,2021/01/19 11:59:12,TKEXfze26pSkSiuyzaYov2TXMKc2ErKG24,TAeucdX6k88LUHG4keaaGpjNycz7rWPQJH,true,SUCCESS,16500
579e02a0525e9b3bfda735c6bf8877443a2647995fba4e2f83d38e844cd954f4,26892355,2021/01/19 11:41:39,TNaRAoLUyYEV2uF7GUrzSjRQTU8v5ZJ5VR,TAeucdX6k88LUHG4keaaGpjNycz7rWPQJH,true,SUCCESS,3202.195195
70753b63e8d59206b91be0c96170300047d31d3f1e1a6028ec44c0bf89f1d931,26892078,2021/01/19 11:27:45,TNaRAoLUyYEV2uF7GUrzSjRQTU8v5ZJ5VR,TAeucdX6k88LUHG4keaaGpjNycz7rWPQJH,true,SUCCESS,1500
bf83b357ac195739b1869d8da3f7b6cdfd6aed7271d56acf83aa1810f540ad1e,26891283,2021/01/19 10:47:57,TNaRAoLUyYEV2uF7GUrzSjRQTU8v5ZJ5VR,TAeucdX6k88LUHG4keaaGpjNycz7rWPQJH,true,SUCCESS,200
1929905c7aeb71152d288a27b84c37223539ba4b6ec253a2a15b9e7db1e3484d,26890945,2021/01/19 10:31:00,TNaRAoLUyYEV2uF7GUrzSjRQTU8v5ZJ5VR,TAeucdX6k88LUHG4keaaGpjNycz7rWPQJH,true,SUCCESS,15.625
e5b00184536acc3c49ab5989c88d8283f6eba50c124f7061a1fa4c9191e60108,26890655,2021/01/19 10:16:30,TC2eN6UWKYcJVpCAFj2e3urQ1eagYrbhJN,TAeucdX6k88LUHG4keaaGpjNycz7rWPQJH,true,SUCCESS,780
5bf194b3e449927f2ce568ea0531abecf405d40290b48454fb98d3e1a5c79ff7,26890636,2021/01/19 10:15:33,TNaRAoLUyYEV2uF7GUrzSjRQTU8v5ZJ5VR,TAeucdX6k88LUHG4keaaGpjNycz7rWPQJH,true,SUCCESS,55.598755
7e8a31d8f8818b26850841f15a069a9773974603befe33160eb3b6729a8b9926,26890612,2021/01/19 10:14:21,TM5EHwMSsb24pwm7ik3EMs4b8abKg9nywJ,TAeucdX6k88LUHG4keaaGpjNycz7rWPQJH,true,SUCCESS,47
05f1138ca82321933eebe2d1eb1b6646cecb540a01dab26ce362793d11b27e1e,26890454,2021/01/19 10:06:27,TNaRAoLUyYEV2uF7GUrzSjRQTU8v5ZJ5VR,TAeucdX6k88LUHG4keaaGpjNycz7rWPQJH,true,SUCCESS,500
0ecdb24a46b1ebdbb4a78629d0de97321028ea942e3bcaa575102a73bd37b97a,26890392,2021/01/19 10:03:21,TNaRAoLUyYEV2uF7GUrzSjRQTU8v5ZJ5VR,TAeucdX6k88LUHG4keaaGpjNycz7rWPQJH,true,SUCCESS,42.4183
70ab7ed2390b6a9bbb2e3e7fc8efe937342f1c7c6751b9b53b8582d7ab5d4851,26890376,2021/01/19 10:02:33,TNaRAoLUyYEV2uF7GUrzSjRQTU8v5ZJ5VR,TAeucdX6k88LUHG4keaaGpjNycz7rWPQJH,true,SUCCESS,549.779423
4cac71db873b9517e999b053c3044d3b704b8197f83f9545607ca12f355a842a,26890243,2021/01/19 09:55:54,TNaRAoLUyYEV2uF7GUrzSjRQTU8v5ZJ5VR,TAeucdX6k88LUHG4keaaGpjNycz7rWPQJH,true,SUCCESS,814
6e71a436bf73972119a1f840712274e5ee76e8f1e7bc2b672309ed65ed92d9a2,26890178,2021/01/19 09:52:39,TNaRAoLUyYEV2uF7GUrzSjRQTU8v5ZJ5VR,TAeucdX6k88LUHG4keaaGpjNycz7rWPQJH,true,SUCCESS,600
2c3383cc68a441ec3a0122fd3bcf487e97f31af46fa4a8695b234327845e1d10,26889984,2021/01/19 09:42:54,TNaRAoLUyYEV2uF7GUrzSjRQTU8v5ZJ5VR,TAeucdX6k88LUHG4keaaGpjNycz7rWPQJH,true,SUCCESS,14500
8b39bf7e55a15f413bd87905b4d32b46a32df44b99d4626a90d43b9db281d9b1,26889666,2021/01/19 09:26:57,TDQFvgZVhBpk7HRnUqK976fn3oVcczW7sm,TAeucdX6k88LUHG4keaaGpjNycz7rWPQJH,true,SUCCESS,1880.8774
ae8c766c8b44548927430090a15f759b9e10e568109743df2daf442b985fec48,26889577,2021/01/19 09:22:30,TNaRAoLUyYEV2uF7GUrzSjRQTU8v5ZJ5VR,TAeucdX6k88LUHG4keaaGpjNycz7rWPQJH,true,SUCCESS,548.589341
986dee9fd4583870d686604f1222f6c8a452e6e55bc335dabae0f69498b45113,26889235,2021/01/19 09:05:24,TNaRAoLUyYEV2uF7GUrzSjRQTU8v5ZJ5VR,TAeucdX6k88LUHG4keaaGpjNycz7rWPQJH,true,SUCCESS,100
054a0f05897e5ffebbad9a7b217875c34d6c4be1856e92f235b302754a8f67db,26889193,2021/01/19 09:03:18,TKzx1eMYZ6iVUiq16MJZrqKJjdW5rCXVYP,TAeucdX6k88LUHG4keaaGpjNycz7rWPQJH,true,SUCCESS,80
176b400dab67fa35d6c8dd3df8e614646b4f586ecf96ec6361749aa34bf73574,26889136,2021/01/19 09:00:24,TJdKPNxg6Ec5Fy7wq4RPKc5N3crWRXtPdZ,TAeucdX6k88LUHG4keaaGpjNycz7rWPQJH,true,SUCCESS,1562.5
639bc059ed2d21dba77ab4918c4464c575c35f7b6ee5f3cafe8091ab3f55424b,26889123,2021/01/19 08:59:45,TNaRAoLUyYEV2uF7GUrzSjRQTU8v5ZJ5VR,TAeucdX6k88LUHG4keaaGpjNycz7rWPQJH,true,SUCCESS,565
ad87ed2f914a5dac5457ceb68eee49db0a08adf80a381e6059507b1a810adfb2,26888966,2021/01/19 08:51:54,TNaRAoLUyYEV2uF7GUrzSjRQTU8v5ZJ5VR,TAeucdX6k88LUHG4keaaGpjNycz7rWPQJH,true,SUCCESS,17500
f59c9eb680633fc1b50d66e5e925fc75a0d039ca82f961f6ae12e7b00668435a,26888959,2021/01/19 08:51:33,TDb1rxGRkewXFxQ2b2AHKEquebTHw1WxAp,TAeucdX6k88LUHG4keaaGpjNycz7rWPQJH,true,SUCCESS,7824.7261
ae0e4c52fc1bced3c5305d699a2075ef9e5a9433ead7a4b5fb06bb92815050d3,26888892,2021/01/19 08:48:12,TNaRAoLUyYEV2uF7GUrzSjRQTU8v5ZJ5VR,TAeucdX6k88LUHG4keaaGpjNycz7rWPQJH,true,SUCCESS,2503.9123
edc487a6b0b65f31bd07cd9440e9f3deaeca458145b6a7a4045e9934566832e0,26888659,2021/01/19 08:36:33,TNaRAoLUyYEV2uF7GUrzSjRQTU8v5ZJ5VR,TAeucdX6k88LUHG4keaaGpjNycz7rWPQJH,true,SUCCESS,1755
de3f33d7b25ebe9675187f53eb33a3fcc7fa4dee559eee60248594f75d066964,26888651,2021/01/19 08:36:09,TGbAHPZo9YYzwNiJfb7HMCzNQQyiawuxJv,TAeucdX6k88LUHG4keaaGpjNycz7rWPQJH,true,SUCCESS,156.4549
42e557268d77d5a04f9c70251481b70d2b8da1363af8d69956d6efebb2a8df0d,26888464,2021/01/19 08:26:42,TNaRAoLUyYEV2uF7GUrzSjRQTU8v5ZJ5VR,TAeucdX6k88LUHG4keaaGpjNycz7rWPQJH,true,SUCCESS,500
2061f399beb5d422ce3c5b1d39c591b161095d42d7e82da18a1578c226e24a0f,26888373,2021/01/19 08:22:09,TBxWN9ApamM1oJHFnEuj3gdWqNnoW16zH6,TAeucdX6k88LUHG4keaaGpjNycz7rWPQJH,true,SUCCESS,1234
26eaab3b023f3198744b6ba3a48e527578a64f5a3b60b581024960808e61373c,26888059,2021/01/19 08:06:27,TNaRAoLUyYEV2uF7GUrzSjRQTU8v5ZJ5VR,TAeucdX6k88LUHG4keaaGpjNycz7rWPQJH,true,SUCCESS,340.2191
8e5f40a91665bbb9c13ae69389dc2f499171d72297912106e802ab04a0bd4864,26887637,2021/01/19 07:45:21,TNaRAoLUyYEV2uF7GUrzSjRQTU8v5ZJ5VR,TAeucdX6k88LUHG4keaaGpjNycz7rWPQJH,true,SUCCESS,1700
8c451ef6fb3e1ce57b1784fa7ab73d52a0324867648a41140df05b6fa8de2e4e,26887525,2021/01/19 07:39:42,TGMRZG4UNeUGgFR332HFG1Dc9ygBb2KEVa,TAeucdX6k88LUHG4keaaGpjNycz7rWPQJH,true,SUCCESS,84.1132
b981b9098c6a7a4931cd1532035163e8d38336bde9aee98d8680ff4ac159bfaa,26887152,2021/01/19 07:21:03,TRfKyQrDQM84tEQQqJneDUuQR7mTHupDoB,TAeucdX6k88LUHG4keaaGpjNycz7rWPQJH,true,SUCCESS,101
702f81f1e569fd8db292bee50335fa128ddd5ac2964d3e3372d82d568710f9ef,26886768,2021/01/19 07:01:51,TJdKPNxg6Ec5Fy7wq4RPKc5N3crWRXtPdZ,TAeucdX6k88LUHG4keaaGpjNycz7rWPQJH,true,SUCCESS,1082.5
e936a40507ba26f8d338112e57a8986c78c26b9a77c0087e0060231588507c3a,26886709,2021/01/19 06:58:54,TV881xkNXnVKBKEoJ39oq62tA8uJ6CyunC,TAeucdX6k88LUHG4keaaGpjNycz7rWPQJH,true,SUCCESS,78
0484b8b8e1309ef795230fab2a38fc98a9e4273cde7c0b316ad894e21dc85a4a,26886701,2021/01/19 06:58:30,TKzx1eMYZ6iVUiq16MJZrqKJjdW5rCXVYP,TAeucdX6k88LUHG4keaaGpjNycz7rWPQJH,true,SUCCESS,500
84ca1f85e2d6515d88b751671986ed1645259e4af14f3e0b1d5b02f30e1b430b,26886534,2021/01/19 06:50:09,TSP2du62rNsR9JFBf424N85mnYhNpJUgTa,TAeucdX6k88LUHG4keaaGpjNycz7rWPQJH,true,SUCCESS,410
3da66ec6d711167bfb2e1fba1a35e16b16b5d2e5db31a71a3f01a39b400e1db4,26886528,2021/01/19 06:49:51,TNaRAoLUyYEV2uF7GUrzSjRQTU8v5ZJ5VR,TAeucdX6k88LUHG4keaaGpjNycz7rWPQJH,true,SUCCESS,1569.858712
46019055f1c71ec4ea0e9626e0f2c9709fc4424d75a0d34d41a68def2e2955e5,26886380,2021/01/19 06:42:27,TKChZBMNGopFZMuvMehewmW28Pn4FJESfG,TAeucdX6k88LUHG4keaaGpjNycz7rWPQJH,true,SUCCESS,3000
c927856309342e8ebbfeaa1954463928b48e6cc66601d2effea976ade1e723a3,26886268,2021/01/19 06:36:51,TNaRAoLUyYEV2uF7GUrzSjRQTU8v5ZJ5VR,TAeucdX6k88LUHG4keaaGpjNycz7rWPQJH,true,SUCCESS,10
0b712a13792ca3aa4d1f35952fde142e8a0d6246cba37f3b835a08d12e434c95,26886221,2021/01/19 06:34:27,TNaRAoLUyYEV2uF7GUrzSjRQTU8v5ZJ5VR,TAeucdX6k88LUHG4keaaGpjNycz7rWPQJH,true,SUCCESS,2000
f8387f56841c2ef4143261411fb81306519ed91c7933e9f0bb027e475a63bc85,26886081,2021/01/19 06:27:27,TNaRAoLUyYEV2uF7GUrzSjRQTU8v5ZJ5VR,TAeucdX6k88LUHG4keaaGpjNycz7rWPQJH,true,SUCCESS,3134.796238
8fb9f30cfbf53ce889f4fad60c30662a1e86ac50344e60ad52e01048470b0d7c,26886016,2021/01/19 06:24:12,TNaRAoLUyYEV2uF7GUrzSjRQTU8v5ZJ5VR,TAeucdX6k88LUHG4keaaGpjNycz7rWPQJH,true,SUCCESS,500
d246206bd600f04d7013910a3a1d32cd3d25f3926fc8cbb817a38565acb32afe,26885995,2021/01/19 06:23:09,TJdKPNxg6Ec5Fy7wq4RPKc5N3crWRXtPdZ,TAeucdX6k88LUHG4keaaGpjNycz7rWPQJH,true,SUCCESS,6730
19058bf9274a7e62187b2a049c6c2744925bc5f516dd03efaf71c875cd53407d,26885947,2021/01/19 06:20:45,TShGZZ7RT2WuJWjDmGFQyqeo9k6hR2tCyz,TAeucdX6k88LUHG4keaaGpjNycz7rWPQJH,true,SUCCESS,670
8e4799262cf771ab3b4f3acb144f107057e29537bb30a73e340d61aa3f5e8e67,26885919,2021/01/19 06:19:21,TRfKyQrDQM84tEQQqJneDUuQR7mTHupDoB,TAeucdX6k88LUHG4keaaGpjNycz7rWPQJH,true,SUCCESS,1564
201398cd10be47814c96e5b3a3324d64adf2b7d5e23e450552ffdcb927bec979,26885648,2021/01/19 06:05:48,TNaRAoLUyYEV2uF7GUrzSjRQTU8v5ZJ5VR,TAeucdX6k88LUHG4keaaGpjNycz7rWPQJH,true,SUCCESS,20
dd5f5e647c8a18bab97e67dd685fae716ce40253d0819af0ce5a644dad75ae1d,26885616,2021/01/19 06:04:12,TNaRAoLUyYEV2uF7GUrzSjRQTU8v5ZJ5VR,TAeucdX6k88LUHG4keaaGpjNycz7rWPQJH,true,SUCCESS,628
1d8cf2b3058aaccb85a02aa278fc37a952f8f6dca2d584120aab4b16e6a1b811,26885525,2021/01/19 05:59:33,TJeMFN8Tc9PXRx8CDNDwanwFL2HX1k3KNQ,TAeucdX6k88LUHG4keaaGpjNycz7rWPQJH,true,SUCCESS,593
6370e59eb7fc13add370cd7b941f4fa65c40426c99b83308987ce2ae55afb9d3,26885398,2021/01/19 05:53:12,TV881xkNXnVKBKEoJ39oq62tA8uJ6CyunC,TAeucdX6k88LUHG4keaaGpjNycz7rWPQJH,true,SUCCESS,1450
480ba1074b3031efefc93ae049af3c8485891e5403d615a72d328b1f51a50753,26885358,2021/01/19 05:51:12,TCPsMuVft6NfpJ2BCjoud47SyYqjAL3F2Z,TAeucdX6k88LUHG4keaaGpjNycz7rWPQJH,true,SUCCESS,72
2782d6073e236f14f7cb3d64516694bf124293a49cf908d321eeb8f63da94089,26885328,2021/01/19 05:49:39,TXrHfXctuJPEQz87cpTDzjuyYEiobSxwyf,TAeucdX6k88LUHG4keaaGpjNycz7rWPQJH,true,SUCCESS,200
120d8cb3df2cd9f7ef184362eedb866beb8e4e086dd299eac12195295dabb300,26885214,2021/01/19 05:43:57,THiCJjD3xZtikuiRfJVSTNuyugkzdsbfEa,TAeucdX6k88LUHG4keaaGpjNycz7rWPQJH,true,SUCCESS,546.8
78a39316aee902ba11da9981ee990fafa75ed1c9f95e04c9cd07c37e0bbfd4b2,26885161,2021/01/19 05:41:18,TNaRAoLUyYEV2uF7GUrzSjRQTU8v5ZJ5VR,TAeucdX6k88LUHG4keaaGpjNycz7rWPQJH,true,SUCCESS,549.4505
e76a18c5d061c6da5582da94d39482a085a543cb88dcf7e8671df25a8c91c041,26885137,2021/01/19 05:40:06,TNaRAoLUyYEV2uF7GUrzSjRQTU8v5ZJ5VR,TAeucdX6k88LUHG4keaaGpjNycz7rWPQJH,true,SUCCESS,4200.626959
c8c836f46e7e01e40cb54b52a0f7320e7167af4ae8f1cf54ece697adff2ce953,26884657,2021/01/19 05:16:03,TNaRAoLUyYEV2uF7GUrzSjRQTU8v5ZJ5VR,TAeucdX6k88LUHG4keaaGpjNycz7rWPQJH,true,SUCCESS,13.1414
7a20dced47f9a3b774099726df893226ecd2e7bb40fafda6b514a706ec64a6c9,26884584,2021/01/19 05:12:24,TNaRAoLUyYEV2uF7GUrzSjRQTU8v5ZJ5VR,TAeucdX6k88LUHG4keaaGpjNycz7rWPQJH,true,SUCCESS,1000
3d55e60e48d4c3fe7ae9c74b921c9f79dc62f22fb0d38005a27c47b548ac4ada,26884200,2021/01/19 04:53:09,TNaRAoLUyYEV2uF7GUrzSjRQTU8v5ZJ5VR,TAeucdX6k88LUHG4keaaGpjNycz7rWPQJH,true,SUCCESS,1572.327044
97b5f8f7836af0daa3e72589777e63ef87f4e3ee1982bf57850dd119a8f2294d,26883383,2021/01/19 04:12:18,TJeMFN8Tc9PXRx8CDNDwanwFL2HX1k3KNQ,TAeucdX6k88LUHG4keaaGpjNycz7rWPQJH,true,SUCCESS,500
82ad2cbecf81afe04de32ba89e70691a2a0958606ad739cea67b37982defba09,26881835,2021/01/19 02:54:33,TNaRAoLUyYEV2uF7GUrzSjRQTU8v5ZJ5VR,TAeucdX6k88LUHG4keaaGpjNycz7rWPQJH,true,SUCCESS,15.576323
d2c17c82352210692421efd8e94cb66c1fd43ce9eba7b7791a6aa5378b2e5b28,26881282,2021/01/19 02:26:51,TMZZvgrZ9xJr2KdnvJ9HB95yx5MZ3noQgu,TAeucdX6k88LUHG4keaaGpjNycz7rWPQJH,true,SUCCESS,13282
afbf46cb99e5334843dca8f645f9abc78d65347ea36d35aec093fd67d2d8f926,26881104,2021/01/19 02:17:57,TFUqPSyoxTsKMEuuRVxYoKJWumurgL3cV8,TAeucdX6k88LUHG4keaaGpjNycz7rWPQJH,true,SUCCESS,836
0a1eaa8e690e1f56eff51517b3cdaf8ad917bc2afe59b4cbd6b58cd78b107906,26881040,2021/01/19 02:14:45,TNaRAoLUyYEV2uF7GUrzSjRQTU8v5ZJ5VR,TAeucdX6k88LUHG4keaaGpjNycz7rWPQJH,true,SUCCESS,1000.5246
928be99e65385a42dff17479597755abe20f3bfff14b310b8fb8f631e1458ba4,26881017,2021/01/19 02:13:36,TNYkdKdK2VZ1ZZeps7jRXoo6a85oHvixus,TAeucdX6k88LUHG4keaaGpjNycz7rWPQJH,true,SUCCESS,800
953a7206df46708e17e79c89377d1d91a272fc4c57ce25c3f4a425e88ccc1790,26880774,2021/01/19 02:01:27,TNVY5ZuQcHzJndBhoBo3fzyKmp6St8Hjw3,TAeucdX6k88LUHG4keaaGpjNycz7rWPQJH,true,SUCCESS,900
0476e79eefb41c284e80ebe00ac192ee80853e4053d434c0d6f3afb83be3f167,26868648,2021/01/18 15:54:24,TCbHg2geKx132YCPNMVo9bCnJsrQ5YavdY,TAeucdX6k88LUHG4keaaGpjNycz7rWPQJH,true,SUCCESS,500
844a41968ddc5128007052b397354c2c37707b621327f25dd98845cce349849a,26868321,2021/01/18 15:38:00,TNaRAoLUyYEV2uF7GUrzSjRQTU8v5ZJ5VR,TAeucdX6k88LUHG4keaaGpjNycz7rWPQJH,true,SUCCESS,124.610591
5304d454dce439f8ab31ce5633c435b1e0ec465db7e8e1432e53f274865bf1ab,26867736,2021/01/18 15:08:39,TNaRAoLUyYEV2uF7GUrzSjRQTU8v5ZJ5VR,TAeucdX6k88LUHG4keaaGpjNycz7rWPQJH,true,SUCCESS,5.000069
46fad387ba468bc7e01d5209a202cc4bc68545d8c00d9fe4fcb4f33cfa3f72ab,26867691,2021/01/18 15:06:24,TAeucdX6k88LUHG4keaaGpjNycz7rWPQJH,TYVadVMZjgKDznj52huzoRxRzhV8kkxEBV,true,SUCCESS,124676.273293
096a4d8e639fef534da2cb12b4040d0349f8fd1f0ffefd48a26348eff06a7f79,26867560,2021/01/18 14:59:51,TFuHdgba9uwsMopH3DHzHnoc39JdDsqzZx,TAeucdX6k88LUHG4keaaGpjNycz7rWPQJH,true,SUCCESS,1564
d7d3e6c248db41ce4e52112d650291c827e54b504a711b8bc2be3a08ed0c8973,26867134,2021/01/18 14:38:33,TNaRAoLUyYEV2uF7GUrzSjRQTU8v5ZJ5VR,TAeucdX6k88LUHG4keaaGpjNycz7rWPQJH,true,SUCCESS,3129.890453
90c29c1c7bf27cf68e4a390365a1bcf4a8cc1eb49d8a54399a64ee5e61d5eed1,26866293,2021/01/18 13:56:30,TAeucdX6k88LUHG4keaaGpjNycz7rWPQJH,TEvbeW2vCZNAzYW39JydWGSdxJowPus1Qg,true,SUCCESS,7000
f3bae68417e6d24e5e905f36736d1405100f7dd99536ca696ce13df83b4284ca,26866160,2021/01/18 13:49:51,TXQJrTP2m3zTp3HWkLRMTrtKK4iJfmb4uR,TAeucdX6k88LUHG4keaaGpjNycz7rWPQJH,true,SUCCESS,8500
19692ac8b43adc3ae8750cdf0e48db6f5a916181d1b9204d05ea512e122440e9,26866088,2021/01/18 13:46:15,TNaRAoLUyYEV2uF7GUrzSjRQTU8v5ZJ5VR,TAeucdX6k88LUHG4keaaGpjNycz7rWPQJH,true,SUCCESS,500
5364798af92464e28f73d04543465e8464941cc9ce4194bee771da1c16d9efd3,26865874,2021/01/18 13:35:33,TNaRAoLUyYEV2uF7GUrzSjRQTU8v5ZJ5VR,TAeucdX6k88LUHG4keaaGpjNycz7rWPQJH,true,SUCCESS,500
f9b4ba0a6f755791e23a0e37b8811fea15327b5e5d0ed9ca0b0d7e877b8a0f25,26865805,2021/01/18 13:32:06,TDQFvgZVhBpk7HRnUqK976fn3oVcczW7sm,TAeucdX6k88LUHG4keaaGpjNycz7rWPQJH,true,SUCCESS,2954.8989
e769a0c613e1cef3c3e89ad143400c3ab6d569f5c77e817299b695d7a4bb15ad,26864922,2021/01/18 12:47:57,TKzx1eMYZ6iVUiq16MJZrqKJjdW5rCXVYP,TAeucdX6k88LUHG4keaaGpjNycz7rWPQJH,true,SUCCESS,100
58fce1b06bf8ab8328941cb9fc786ae0c258c2a92394b4bef4a16607dee6e3ea,26864742,2021/01/18 12:38:57,TCbHg2geKx132YCPNMVo9bCnJsrQ5YavdY,TAeucdX6k88LUHG4keaaGpjNycz7rWPQJH,true,SUCCESS,9287
d6df018255f082760b8335b8ad43ec7e18aa41ec78b1da52c067f300e23c3732,26864625,2021/01/18 12:33:06,TDQFvgZVhBpk7HRnUqK976fn3oVcczW7sm,TAeucdX6k88LUHG4keaaGpjNycz7rWPQJH,true,SUCCESS,1401.8691
e500dd88169c9684ae150438af012e7ba71499939e5317287d50391fda8dd1f7,26864623,2021/01/18 12:33:00,TNaRAoLUyYEV2uF7GUrzSjRQTU8v5ZJ5VR,TAeucdX6k88LUHG4keaaGpjNycz7rWPQJH,true,SUCCESS,500
2ea9d2704b52ce165ce6032c7474d317b237111cc7b5c1cbc43ae00f6724e42b,26864548,2021/01/18 12:29:15,TNaRAoLUyYEV2uF7GUrzSjRQTU8v5ZJ5VR,TAeucdX6k88LUHG4keaaGpjNycz7rWPQJH,true,SUCCESS,560.748663
a66c6b83d74cbde63a998782a84be17869cbd6edcfd0a20e982b17c9bb9c9bf6,26864317,2021/01/18 12:17:42,TJWujrTnCwnxhwSQiVrF5AFDi3hkg1oTku,TAeucdX6k88LUHG4keaaGpjNycz7rWPQJH,true,SUCCESS,1557
0c4f1cc4e12c712272214bc90b4a16c68fe940acef82e4362985c4e8c8741c8e,26864175,2021/01/18 12:10:36,TNaRAoLUyYEV2uF7GUrzSjRQTU8v5ZJ5VR,TAeucdX6k88LUHG4keaaGpjNycz7rWPQJH,true,SUCCESS,3277.535101
746490797a13cb0c906f1331df8450ad142a115fb096af29ac10261baed2b998,26863901,2021/01/18 11:56:48,TCbHg2geKx132YCPNMVo9bCnJsrQ5YavdY,TAeucdX6k88LUHG4keaaGpjNycz7rWPQJH,true,SUCCESS,8985
43c5c7192c2e301b5167fe03c4f7d4fdd2d3fb15058b89b6cc9337f09f954b58,26863807,2021/01/18 11:52:06,TCbHg2geKx132YCPNMVo9bCnJsrQ5YavdY,TAeucdX6k88LUHG4keaaGpjNycz7rWPQJH,true,SUCCESS,500
621e5f4e25bb7c20655298cd0a34acca8a46ec57e948f1b56ac4a236ed8d7095,26862756,2021/01/18 10:59:33,TT67jdEBADCHtYXirBjRSyF7DPRDd3fask,TAeucdX6k88LUHG4keaaGpjNycz7rWPQJH,true,SUCCESS,500
81145d4728664fec68fab1a8fb541266223635c55e3bf7bf62e40a87d749cc89,26862031,2021/01/18 10:23:18,TPnBkQHLeREWLpeLGYQKMKoC2kV8uAFXXt,TAeucdX6k88LUHG4keaaGpjNycz7rWPQJH,true,SUCCESS,545.1713
40e485248313c2f1e6f42265f849b4bcb16645c3a9ad873597ca2260946b5448,26861986,2021/01/18 10:21:03,TCbHg2geKx132YCPNMVo9bCnJsrQ5YavdY,TAeucdX6k88LUHG4keaaGpjNycz7rWPQJH,true,SUCCESS,19847
b5dc665e41fb3367400bc7f66294641c4ceed205fc4f33e69bd7321b69a9ea33,26861896,2021/01/18 10:16:33,TDQFvgZVhBpk7HRnUqK976fn3oVcczW7sm,TAeucdX6k88LUHG4keaaGpjNycz7rWPQJH,true,SUCCESS,3115.2647
fad1770a4b3a15e434e3a1e01bd54d0c46961e5521b3848021720684eb2e58df,26861826,2021/01/18 10:13:03,TNaRAoLUyYEV2uF7GUrzSjRQTU8v5ZJ5VR,TAeucdX6k88LUHG4keaaGpjNycz7rWPQJH,true,SUCCESS,155
51fa5b72e55b9d6e7860971ea544b927a44e5876cbea6a28ef6064c49c027eb1,26861815,2021/01/18 10:12:30,TNaRAoLUyYEV2uF7GUrzSjRQTU8v5ZJ5VR,TAeucdX6k88LUHG4keaaGpjNycz7rWPQJH,true,SUCCESS,155.763239
f9d489d4d4542f1fd7e16918be1204cd00869f49483dac07bc0ebe3602c74b0a,26861797,2021/01/18 10:11:36,TCbHg2geKx132YCPNMVo9bCnJsrQ5YavdY,TAeucdX6k88LUHG4keaaGpjNycz7rWPQJH,true,SUCCESS,17286
4559f145788614f14fe7344fdb2f7fd127025275cfb8aa905d6bc8a43a68b0b7,26861320,2021/01/18 09:47:42,TGMRZG4UNeUGgFR332HFG1Dc9ygBb2KEVa,TAeucdX6k88LUHG4keaaGpjNycz7rWPQJH,true,SUCCESS,500
330978810eb3489a3c70900f87849c578cae7a036fa75f4a5c2255d9f65cf718,26861289,2021/01/18 09:46:09,TGMRZG4UNeUGgFR332HFG1Dc9ygBb2KEVa,TAeucdX6k88LUHG4keaaGpjNycz7rWPQJH,true,SUCCESS,1000
1962bbbf4f4381c4d9cf8af1bab48b08ba43b1c43df8a5e53b15119bfe7a0a17,26861146,2021/01/18 09:38:57,TNaRAoLUyYEV2uF7GUrzSjRQTU8v5ZJ5VR,TAeucdX6k88LUHG4keaaGpjNycz7rWPQJH,true,SUCCESS,700
d0cb73a71538a3b0e18cbda12382535faad94214af2560ff226db512d2c4f97d,26861061,2021/01/18 09:34:42,TDQFvgZVhBpk7HRnUqK976fn3oVcczW7sm,TAeucdX6k88LUHG4keaaGpjNycz7rWPQJH,true,SUCCESS,559.8755
f5b83b2b37ce5c568754fd1cf07e5288da1c110b70e18d28a5884b5a2cbcc171,26861043,2021/01/18 09:33:48,TV881xkNXnVKBKEoJ39oq62tA8uJ6CyunC,TAeucdX6k88LUHG4keaaGpjNycz7rWPQJH,true,SUCCESS,5.769
a542c25c1e1b3b841c6d0488f2efd9fc1b52ea15cb432dfdee42dabbeed8cba6,26861032,2021/01/18 09:33:15,TNaRAoLUyYEV2uF7GUrzSjRQTU8v5ZJ5VR,TAeucdX6k88LUHG4keaaGpjNycz7rWPQJH,true,SUCCESS,500
f9f3c12b3c429a3a527ad370ebafbdd64e78e5fd830aed3f01fbf96b81339ff9,26860879,2021/01/18 09:25:36,TV881xkNXnVKBKEoJ39oq62tA8uJ6CyunC,TAeucdX6k88LUHG4keaaGpjNycz7rWPQJH,true,SUCCESS,500
588eb81bbe4f97adb7b75ac2dbd289ee1ab20ac8657ba48d2b229a1cdf368001,26860701,2021/01/18 09:16:42,TJeMFN8Tc9PXRx8CDNDwanwFL2HX1k3KNQ,TAeucdX6k88LUHG4keaaGpjNycz7rWPQJH,true,SUCCESS,1500
477ea6032d0ea7b0422d664f189feb39333b29722387e378dd1f913486ea3e22,26860422,2021/01/18 09:02:45,TS3dwcVs33MSkc2gm9cFRGqit4VH4h43ET,TAeucdX6k88LUHG4keaaGpjNycz7rWPQJH,true,SUCCESS,777
fb65f54565ec8ec4d104e4ccde5ddced6f285360b7045e28af63a231b89a1cbe,26860284,2021/01/18 08:55:51,TNaRAoLUyYEV2uF7GUrzSjRQTU8v5ZJ5VR,TAeucdX6k88LUHG4keaaGpjNycz7rWPQJH,true,SUCCESS,1637.998499
9392d4cdf5662bcb68e654cf3d79e071cb096ea36ab553f0bdeedf3fc81fa9ee,26860221,2021/01/18 08:52:42,TJeMFN8Tc9PXRx8CDNDwanwFL2HX1k3KNQ,TAeucdX6k88LUHG4keaaGpjNycz7rWPQJH,true,SUCCESS,1538
a36b6a09dd0ca2d35dad3d19537bb4a880a4a90a7f5cb9a33789d8a566fcd750,26859929,2021/01/18 08:38:06,TJeMFN8Tc9PXRx8CDNDwanwFL2HX1k3KNQ,TAeucdX6k88LUHG4keaaGpjNycz7rWPQJH,true,SUCCESS,9230
101b5cf6aa5dfeaa123bee146615c0f789546711f4ecc977843f5d929e17a63a,26859190,2021/01/18 08:01:09,TNaRAoLUyYEV2uF7GUrzSjRQTU8v5ZJ5VR,TAeucdX6k88LUHG4keaaGpjNycz7rWPQJH,true,SUCCESS,3120
8ba6fccdfdfc12912cbb03c35aa1d1b8ef5b2402395533375241f14d8cb41635,26858353,2021/01/18 07:19:18,THo2EheCAbrtJeVeiNF3meEBV5kkKGtzoM,TAeucdX6k88LUHG4keaaGpjNycz7rWPQJH,true,SUCCESS,306
b097a8b09f80f9084b2fc6650df1082bc77f299ac789b467b7cd1529ffc56697,26858261,2021/01/18 07:14:42,TDQFvgZVhBpk7HRnUqK976fn3oVcczW7sm,TAeucdX6k88LUHG4keaaGpjNycz7rWPQJH,true,SUCCESS,1866.2519
442c035755037802dbaf579975b72ae910f80681508e461c47fa9106ec7c8bcd,26858219,2021/01/18 07:12:36,TNaRAoLUyYEV2uF7GUrzSjRQTU8v5ZJ5VR,TAeucdX6k88LUHG4keaaGpjNycz7rWPQJH,true,SUCCESS,7098
2282abff7020f4a7991aef4f3b1a5da5ac2eb1e2efc034438be349ef57641717,26857944,2021/01/18 06:58:51,TNaRAoLUyYEV2uF7GUrzSjRQTU8v5ZJ5VR,TAeucdX6k88LUHG4keaaGpjNycz7rWPQJH,true,SUCCESS,1500
3c7737903e8a1c61bcf0ae894a5bcea548c1eb2f5645a10699f5cf47c8dbdcc3,26857631,2021/01/18 06:43:12,TFMqZvYRHY3MdnEV2eLA7dcxedrpQbNCtk,TAeucdX6k88LUHG4keaaGpjNycz7rWPQJH,true,SUCCESS,569
5695325976fd02abf5b606ca9466220407ac2bb9a50856a58214e2e9923b62b7,26857511,2021/01/18 06:37:12,TSS3KRat4Doth5Yb8k1q5bAnwgn8QFSavK,TAeucdX6k88LUHG4keaaGpjNycz7rWPQJH,true,SUCCESS,150
bc88b3ce252cceba78334d8ac443e57b2095ac01e997ebe81f25e3d54ce897e5,26857038,2021/01/18 06:13:33,TNaRAoLUyYEV2uF7GUrzSjRQTU8v5ZJ5VR,TAeucdX6k88LUHG4keaaGpjNycz7rWPQJH,true,SUCCESS,678.0251
6e966913e41ea28f99291a32d21e3fa24b960cd67c9ddc081524bdcb567be06a,26856402,2021/01/18 05:41:33,TNaRAoLUyYEV2uF7GUrzSjRQTU8v5ZJ5VR,TAeucdX6k88LUHG4keaaGpjNycz7rWPQJH,true,SUCCESS,1556
849176a09cd5853b21688ca71b6e740da828c385d98f85e5dfea99a117c8f950,26855749,2021/01/18 05:08:54,TH48D5Fia699jcuJbZKz132PB1owArZZXK,TAeucdX6k88LUHG4keaaGpjNycz7rWPQJH,true,SUCCESS,800
19d55c896abe0cf32055b7f3d76f953650eaa4da430b6ec62b66e34c7dbb2767,26855709,2021/01/18 05:06:54,TH48D5Fia699jcuJbZKz132PB1owArZZXK,TAeucdX6k88LUHG4keaaGpjNycz7rWPQJH,true,SUCCESS,500
d4f3f3fbe415334630dd2319d8e6be7bafc28d9c476faa6300e46b899f5a9ae4,26855426,2021/01/18 04:52:45,TNaRAoLUyYEV2uF7GUrzSjRQTU8v5ZJ5VR,TAeucdX6k88LUHG4keaaGpjNycz7rWPQJH,true,SUCCESS,2515.211838
16d5da26f20fae3f0fe88ed7d67340bf26bce072236283b7d0488ecba746f8db,26855132,2021/01/18 04:38:03,TNaRAoLUyYEV2uF7GUrzSjRQTU8v5ZJ5VR,TAeucdX6k88LUHG4keaaGpjNycz7rWPQJH,true,SUCCESS,500
74052629ae8ea13139d61df6681936a1027ad474a85cfedb9c872a00a83ac5c7,26853822,2021/01/18 03:32:33,TNaRAoLUyYEV2uF7GUrzSjRQTU8v5ZJ5VR,TAeucdX6k88LUHG4keaaGpjNycz7rWPQJH,true,SUCCESS,4500
4db14c419d1e205c6b58c8c1dde26ec28fffca3b021b97476dbe4933bfbe4413,26852446,2021/01/18 02:23:42,TCbHg2geKx132YCPNMVo9bCnJsrQ5YavdY,TAeucdX6k88LUHG4keaaGpjNycz7rWPQJH,true,SUCCESS,1090
a3acdbdf6cfa86c639404582d0b23171bafae14e7b476dd552a738371457f32b,26839656,2021/01/17 15:43:36,TYr6SPxJV9yiPG31ukKFHvMsRhcekbEMzA,TAeucdX6k88LUHG4keaaGpjNycz7rWPQJH,true,SUCCESS,1557
